{"type": "FeatureCollection", "name": "yudam-building-roof-candidate", "crs": {"type": "name", "properties": {"name": "urn:ogc:def:crs:EPSG::5186"}}, "properties": {"status": "미리보기 후보 전용, 운영·원본 반영 금지", "accuracyVerified": false, "created": "2026-10-09", "rule": "건물 지붕 분류 표본 z 원값 + 패널 상면 위치는 톱니 방향 양쪽 간극 표본(한 주기 이내) 사이 선형 보간만. 외삽·평활·중앙값 대체 없음", "vertices_sample": 292, "vertices_interpolated": 166, "panel_positions_excluded_no_bracket": 1, "excluded_classes": {"미판정": 17}}, "features": [{"type": "Feature", "properties": {"id": "Y-A-building-roof", "accuracyVerified": false, "triangles": 790, "vertex_sources": {"201014,557272": "표본(건물 지붕)", "201016,557270": "표본(건물 지붕)", "201016,557272": "표본(건물 지붕)", "201018,557268": "표본(건물 지붕)", "201018,557270": "표본(건물 지붕)", "201018,557272": "표본(건물 지붕)", "201020,557264": "표본(건물 지붕)", "201020,557266": "표본(건물 지붕)", "201020,557268": "표본(건물 지붕)", "201020,557270": "표본(건물 지붕)", "201020,557272": "표본(건물 지붕)", "201020,557274": "표본(건물 지붕)", "201020,557278": "표본(건물 지붕)", "201022,557260": "표본(건물 지붕)", "201022,557262": "표본(건물 지붕)", "201022,557264": "표본(건물 지붕)", "201022,557266": "표본(건물 지붕)", "201022,557268": "표본(건물 지붕)", "201022,557270": "표본(건물 지붕)", "201022,557272": "표본(건물 지붕)", "201022,557274": "표본(건물 지붕)", "201022,557276": "표본(건물 지붕)", "201022,557278": "표본(건물 지붕)", "201024,557258": "표본(건물 지붕)", "201024,557260": "표본(건물 지붕)", "201024,557262": "표본(건물 지붕)", "201024,557264": "표본(건물 지붕)", "201024,557266": "표본(건물 지붕)", "201024,557268": "표본(건물 지붕)", "201024,557270": "표본(건물 지붕)", "201024,557272": "표본(건물 지붕)", "201024,557274": "표본(건물 지붕)", "201024,557276": "표본(건물 지붕)", "201024,557278": "표본(건물 지붕)", "201024,557282": "표본(건물 지붕)", "201024,557284": "표본(건물 지붕)", "201024,557286": "표본(건물 지붕)", "201026,557256": "표본(건물 지붕)", "201026,557258": "표본(건물 지붕)", "201026,557260": "표본(건물 지붕)", "201026,557262": "보간(패널 아래, 양쪽 간극 표본 사이)", "201026,557264": "보간(패널 아래, 양쪽 간극 표본 사이)", "201026,557266": "표본(건물 지붕)", "201026,557268": "표본(건물 지붕)", "201026,557270": "표본(건물 지붕)", "201026,557272": "표본(건물 지붕)", "201026,557274": "표본(건물 지붕)", "201026,557276": "표본(건물 지붕)", "201026,557278": "표본(건물 지붕)", "201026,557280": "표본(건물 지붕)", "201026,557282": "표본(건물 지붕)", "201026,557284": "표본(건물 지붕)", "201026,557286": "표본(건물 지붕)", "201028,557254": "표본(건물 지붕)", "201028,557256": "표본(건물 지붕)", "201028,557258": "표본(건물 지붕)", "201028,557260": "보간(패널 아래, 양쪽 간극 표본 사이)", "201028,557262": "보간(패널 아래, 양쪽 간극 표본 사이)", "201028,557264": "보간(패널 아래, 양쪽 간극 표본 사이)", "201028,557266": "보간(패널 아래, 양쪽 간극 표본 사이)", "201028,557268": "표본(건물 지붕)", "201028,557270": "표본(건물 지붕)", "201028,557272": "표본(건물 지붕)", "201028,557274": "표본(건물 지붕)", "201028,557276": "표본(건물 지붕)", "201028,557278": "표본(건물 지붕)", "201028,557280": "표본(건물 지붕)", "201028,557282": "표본(건물 지붕)", "201028,557284": "표본(건물 지붕)", "201028,557286": "표본(건물 지붕)", "201030,557252": "표본(건물 지붕)", "201030,557254": "표본(건물 지붕)", "201030,557256": "표본(건물 지붕)", "201030,557258": "표본(건물 지붕)", "201030,557260": "표본(건물 지붕)", "201030,557262": "표본(건물 지붕)", "201030,557264": "보간(패널 아래, 양쪽 간극 표본 사이)", "201030,557266": "보간(패널 아래, 양쪽 간극 표본 사이)", "201030,557268": "보간(패널 아래, 양쪽 간극 표본 사이)", "201030,557270": "보간(패널 아래, 양쪽 간극 표본 사이)", "201030,557272": "표본(건물 지붕)", "201030,557274": "표본(건물 지붕)", "201030,557276": "표본(건물 지붕)", "201030,557278": "표본(건물 지붕)", "201030,557280": "표본(건물 지붕)", "201030,557282": "표본(건물 지붕)", "201030,557284": "표본(건물 지붕)", "201032,557250": "표본(건물 지붕)", "201032,557252": "표본(건물 지붕)", "201032,557254": "표본(건물 지붕)", "201032,557256": "표본(건물 지붕)", "201032,557258": "보간(패널 아래, 양쪽 간극 표본 사이)", "201032,557260": "보간(패널 아래, 양쪽 간극 표본 사이)", "201032,557262": "표본(건물 지붕)", "201032,557264": "표본(건물 지붕)", "201032,557266": "보간(패널 아래, 양쪽 간극 표본 사이)", "201032,557268": "보간(패널 아래, 양쪽 간극 표본 사이)", "201032,557270": "보간(패널 아래, 양쪽 간극 표본 사이)", "201032,557272": "보간(패널 아래, 양쪽 간극 표본 사이)", "201032,557274": "보간(패널 아래, 양쪽 간극 표본 사이)", "201032,557276": "표본(건물 지붕)", "201032,557278": "표본(건물 지붕)", "201032,557280": "표본(건물 지붕)", "201032,557282": "표본(건물 지붕)", "201032,557284": "표본(건물 지붕)", "201034,557248": "표본(건물 지붕)", "201034,557250": "표본(건물 지붕)", "201034,557252": "표본(건물 지붕)", "201034,557254": "표본(건물 지붕)", "201034,557256": "표본(건물 지붕)", "201034,557258": "보간(패널 아래, 양쪽 간극 표본 사이)", "201034,557260": "보간(패널 아래, 양쪽 간극 표본 사이)", "201034,557262": "보간(패널 아래, 양쪽 간극 표본 사이)", "201034,557264": "보간(패널 아래, 양쪽 간극 표본 사이)", "201034,557266": "표본(건물 지붕)", "201034,557268": "표본(건물 지붕)", "201034,557270": "보간(패널 아래, 양쪽 간극 표본 사이)", "201034,557272": "보간(패널 아래, 양쪽 간극 표본 사이)", "201034,557274": "보간(패널 아래, 양쪽 간극 표본 사이)", "201034,557276": "보간(패널 아래, 양쪽 간극 표본 사이)", "201034,557278": "표본(건물 지붕)", "201034,557280": "표본(건물 지붕)", "201034,557282": "표본(건물 지붕)", "201034,557284": "표본(건물 지붕)", "201036,557250": "표본(건물 지붕)", "201036,557252": "표본(건물 지붕)", "201036,557254": "표본(건물 지붕)", "201036,557256": "보간(패널 아래, 양쪽 간극 표본 사이)", "201036,557258": "표본(건물 지붕)", "201036,557260": "보간(패널 아래, 양쪽 간극 표본 사이)", "201036,557262": "보간(패널 아래, 양쪽 간극 표본 사이)", "201036,557264": "보간(패널 아래, 양쪽 간극 표본 사이)", "201036,557266": "보간(패널 아래, 양쪽 간극 표본 사이)", "201036,557268": "보간(패널 아래, 양쪽 간극 표본 사이)", "201036,557270": "표본(건물 지붕)", "201036,557272": "보간(패널 아래, 양쪽 간극 표본 사이)", "201036,557274": "보간(패널 아래, 양쪽 간극 표본 사이)", "201036,557276": "보간(패널 아래, 양쪽 간극 표본 사이)", "201036,557278": "보간(패널 아래, 양쪽 간극 표본 사이)", "201036,557280": "보간(패널 아래, 양쪽 간극 표본 사이)", "201036,557282": "표본(건물 지붕)", "201036,557284": "표본(건물 지붕)", "201038,557248": "표본(건물 지붕)", "201038,557250": "표본(건물 지붕)", "201038,557252": "표본(건물 지붕)", "201038,557254": "보간(패널 아래, 양쪽 간극 표본 사이)", "201038,557256": "보간(패널 아래, 양쪽 간극 표본 사이)", "201038,557258": "보간(패널 아래, 양쪽 간극 표본 사이)", "201038,557260": "표본(건물 지붕)", "201038,557262": "표본(건물 지붕)", "201038,557264": "보간(패널 아래, 양쪽 간극 표본 사이)", "201038,557266": "보간(패널 아래, 양쪽 간극 표본 사이)", "201038,557268": "보간(패널 아래, 양쪽 간극 표본 사이)", "201038,557270": "보간(패널 아래, 양쪽 간극 표본 사이)", "201038,557272": "표본(건물 지붕)", "201038,557274": "표본(건물 지붕)", "201038,557276": "보간(패널 아래, 양쪽 간극 표본 사이)", "201038,557278": "보간(패널 아래, 양쪽 간극 표본 사이)", "201038,557280": "보간(패널 아래, 양쪽 간극 표본 사이)", "201038,557282": "표본(건물 지붕)", "201040,557246": "표본(건물 지붕)", "201040,557248": "표본(건물 지붕)", "201040,557250": "표본(건물 지붕)", "201040,557252": "표본(건물 지붕)", "201040,557254": "보간(패널 아래, 양쪽 간극 표본 사이)", "201040,557256": "보간(패널 아래, 양쪽 간극 표본 사이)", "201040,557258": "보간(패널 아래, 양쪽 간극 표본 사이)", "201040,557260": "보간(패널 아래, 양쪽 간극 표본 사이)", "201040,557262": "보간(패널 아래, 양쪽 간극 표본 사이)", "201040,557264": "표본(건물 지붕)", "201040,557266": "보간(패널 아래, 양쪽 간극 표본 사이)", "201040,557268": "보간(패널 아래, 양쪽 간극 표본 사이)", "201040,557270": "보간(패널 아래, 양쪽 간극 표본 사이)", "201040,557272": "보간(패널 아래, 양쪽 간극 표본 사이)", "201040,557274": "보간(패널 아래, 양쪽 간극 표본 사이)", "201040,557276": "표본(건물 지붕)", "201040,557278": "보간(패널 아래, 양쪽 간극 표본 사이)", "201040,557280": "보간(패널 아래, 양쪽 간극 표본 사이)", "201040,557282": "표본(건물 지붕)", "201040,557284": "표본(건물 지붕)", "201042,557244": "표본(건물 지붕)", "201042,557246": "표본(건물 지붕)", "201042,557248": "표본(건물 지붕)", "201042,557250": "표본(건물 지붕)", "201042,557252": "보간(패널 아래, 양쪽 간극 표본 사이)", "201042,557254": "표본(건물 지붕)", "201042,557256": "표본(건물 지붕)", "201042,557258": "보간(패널 아래, 양쪽 간극 표본 사이)", "201042,557260": "보간(패널 아래, 양쪽 간극 표본 사이)", "201042,557262": "보간(패널 아래, 양쪽 간극 표본 사이)", "201042,557264": "보간(패널 아래, 양쪽 간극 표본 사이)", "201042,557266": "표본(건물 지붕)", "201042,557268": "표본(건물 지붕)", "201042,557270": "보간(패널 아래, 양쪽 간극 표본 사이)", "201042,557272": "보간(패널 아래, 양쪽 간극 표본 사이)", "201042,557274": "보간(패널 아래, 양쪽 간극 표본 사이)", "201042,557276": "보간(패널 아래, 양쪽 간극 표본 사이)", "201042,557278": "표본(건물 지붕)", "201042,557280": "표본(건물 지붕)", "201042,557282": "표본(건물 지붕)", "201042,557284": "표본(건물 지붕)", "201044,557244": "표본(건물 지붕)", "201044,557246": "표본(건물 지붕)", "201044,557248": "표본(건물 지붕)", "201044,557250": "보간(패널 아래, 양쪽 간극 표본 사이)", "201044,557252": "보간(패널 아래, 양쪽 간극 표본 사이)", "201044,557254": "보간(패널 아래, 양쪽 간극 표본 사이)", "201044,557256": "보간(패널 아래, 양쪽 간극 표본 사이)", "201044,557258": "표본(건물 지붕)", "201044,557260": "표본(건물 지붕)", "201044,557262": "보간(패널 아래, 양쪽 간극 표본 사이)", "201044,557264": "보간(패널 아래, 양쪽 간극 표본 사이)", "201044,557266": "보간(패널 아래, 양쪽 간극 표본 사이)", "201044,557268": "보간(패널 아래, 양쪽 간극 표본 사이)", "201044,557270": "표본(건물 지붕)", "201044,557272": "표본(건물 지붕)", "201044,557274": "보간(패널 아래, 양쪽 간극 표본 사이)", "201044,557276": "보간(패널 아래, 양쪽 간극 표본 사이)", "201044,557278": "표본(건물 지붕)", "201044,557280": "표본(건물 지붕)", "201044,557282": "표본(건물 지붕)", "201046,557242": "표본(건물 지붕)", "201046,557244": "표본(건물 지붕)", "201046,557246": "표본(건물 지붕)", "201046,557248": "표본(건물 지붕)", "201046,557250": "표본(건물 지붕)", "201046,557252": "보간(패널 아래, 양쪽 간극 표본 사이)", "201046,557254": "보간(패널 아래, 양쪽 간극 표본 사이)", "201046,557256": "보간(패널 아래, 양쪽 간극 표본 사이)", "201046,557258": "보간(패널 아래, 양쪽 간극 표본 사이)", "201046,557260": "표본(건물 지붕)", "201046,557262": "표본(건물 지붕)", "201046,557264": "보간(패널 아래, 양쪽 간극 표본 사이)", "201046,557266": "보간(패널 아래, 양쪽 간극 표본 사이)", "201046,557268": "보간(패널 아래, 양쪽 간극 표본 사이)", "201046,557270": "보간(패널 아래, 양쪽 간극 표본 사이)", "201046,557272": "표본(건물 지붕)", "201046,557274": "표본(건물 지붕)", "201046,557276": "보간(패널 아래, 양쪽 간극 표본 사이)", "201046,557278": "표본(건물 지붕)", "201046,557280": "표본(건물 지붕)", "201046,557282": "표본(건물 지붕)", "201048,557242": "표본(건물 지붕)", "201048,557244": "표본(건물 지붕)", "201048,557246": "표본(건물 지붕)", "201048,557248": "보간(패널 아래, 양쪽 간극 표본 사이)", "201048,557250": "보간(패널 아래, 양쪽 간극 표본 사이)", "201048,557252": "표본(건물 지붕)", "201048,557254": "표본(건물 지붕)", "201048,557256": "보간(패널 아래, 양쪽 간극 표본 사이)", "201048,557258": "보간(패널 아래, 양쪽 간극 표본 사이)", "201048,557260": "보간(패널 아래, 양쪽 간극 표본 사이)", "201048,557262": "보간(패널 아래, 양쪽 간극 표본 사이)", "201048,557264": "표본(건물 지붕)", "201048,557266": "표본(건물 지붕)", "201048,557268": "보간(패널 아래, 양쪽 간극 표본 사이)", "201048,557270": "보간(패널 아래, 양쪽 간극 표본 사이)", "201048,557272": "보간(패널 아래, 양쪽 간극 표본 사이)", "201048,557274": "보간(패널 아래, 양쪽 간극 표본 사이)", "201048,557276": "표본(건물 지붕)", "201048,557278": "표본(건물 지붕)", "201048,557280": "표본(건물 지붕)", "201048,557282": "표본(건물 지붕)", "201050,557240": "보간(패널 아래, 양쪽 간극 표본 사이)", "201050,557242": "표본(건물 지붕)", "201050,557244": "표본(건물 지붕)", "201050,557246": "보간(패널 아래, 양쪽 간극 표본 사이)", "201050,557248": "보간(패널 아래, 양쪽 간극 표본 사이)", "201050,557250": "보간(패널 아래, 양쪽 간극 표본 사이)", "201050,557252": "보간(패널 아래, 양쪽 간극 표본 사이)", "201050,557254": "보간(패널 아래, 양쪽 간극 표본 사이)", "201050,557256": "표본(건물 지붕)", "201050,557258": "보간(패널 아래, 양쪽 간극 표본 사이)", "201050,557260": "보간(패널 아래, 양쪽 간극 표본 사이)", "201050,557262": "보간(패널 아래, 양쪽 간극 표본 사이)", "201050,557264": "보간(패널 아래, 양쪽 간극 표본 사이)", "201050,557266": "보간(패널 아래, 양쪽 간극 표본 사이)", "201050,557268": "표본(건물 지붕)", "201050,557270": "보간(패널 아래, 양쪽 간극 표본 사이)", "201050,557272": "보간(패널 아래, 양쪽 간극 표본 사이)", "201050,557274": "표본(건물 지붕)", "201050,557276": "표본(건물 지붕)", "201050,557278": "표본(건물 지붕)", "201050,557280": "표본(건물 지붕)", "201052,557240": "표본(건물 지붕)", "201052,557242": "표본(건물 지붕)", "201052,557244": "표본(건물 지붕)", "201052,557246": "표본(건물 지붕)", "201052,557248": "표본(건물 지붕)", "201052,557250": "보간(패널 아래, 양쪽 간극 표본 사이)", "201052,557252": "보간(패널 아래, 양쪽 간극 표본 사이)", "201052,557254": "보간(패널 아래, 양쪽 간극 표본 사이)", "201052,557256": "보간(패널 아래, 양쪽 간극 표본 사이)", "201052,557258": "표본(건물 지붕)", "201052,557260": "표본(건물 지붕)", "201052,557262": "보간(패널 아래, 양쪽 간극 표본 사이)", "201052,557264": "보간(패널 아래, 양쪽 간극 표본 사이)", "201052,557266": "보간(패널 아래, 양쪽 간극 표본 사이)", "201052,557268": "보간(패널 아래, 양쪽 간극 표본 사이)", "201052,557270": "표본(건물 지붕)", "201052,557272": "표본(건물 지붕)", "201052,557274": "표본(건물 지붕)", "201052,557276": "표본(건물 지붕)", "201052,557278": "표본(건물 지붕)", "201052,557280": "표본(건물 지붕)", "201054,557240": "표본(건물 지붕)", "201054,557242": "표본(건물 지붕)", "201054,557244": "보간(패널 아래, 양쪽 간극 표본 사이)", "201054,557246": "보간(패널 아래, 양쪽 간극 표본 사이)", "201054,557248": "보간(패널 아래, 양쪽 간극 표본 사이)", "201054,557250": "표본(건물 지붕)", "201054,557252": "보간(패널 아래, 양쪽 간극 표본 사이)", "201054,557254": "보간(패널 아래, 양쪽 간극 표본 사이)", "201054,557256": "보간(패널 아래, 양쪽 간극 표본 사이)", "201054,557258": "보간(패널 아래, 양쪽 간극 표본 사이)", "201054,557260": "보간(패널 아래, 양쪽 간극 표본 사이)", "201054,557262": "표본(건물 지붕)", "201054,557264": "보간(패널 아래, 양쪽 간극 표본 사이)", "201054,557266": "보간(패널 아래, 양쪽 간극 표본 사이)", "201054,557268": "보간(패널 아래, 양쪽 간극 표본 사이)", "201054,557270": "보간(패널 아래, 양쪽 간극 표본 사이)", "201054,557272": "표본(건물 지붕)", "201054,557274": "표본(건물 지붕)", "201054,557276": "표본(건물 지붕)", "201054,557278": "표본(건물 지붕)", "201056,557242": "표본(건물 지붕)", "201056,557244": "보간(패널 아래, 양쪽 간극 표본 사이)", "201056,557246": "보간(패널 아래, 양쪽 간극 표본 사이)", "201056,557248": "보간(패널 아래, 양쪽 간극 표본 사이)", "201056,557250": "보간(패널 아래, 양쪽 간극 표본 사이)", "201056,557252": "표본(건물 지붕)", "201056,557254": "표본(건물 지붕)", "201056,557256": "보간(패널 아래, 양쪽 간극 표본 사이)", "201056,557258": "보간(패널 아래, 양쪽 간극 표본 사이)", "201056,557260": "보간(패널 아래, 양쪽 간극 표본 사이)", "201056,557262": "보간(패널 아래, 양쪽 간극 표본 사이)", "201056,557264": "표본(건물 지붕)", "201056,557266": "표본(건물 지붕)", "201056,557268": "보간(패널 아래, 양쪽 간극 표본 사이)", "201056,557270": "보간(패널 아래, 양쪽 간극 표본 사이)", "201056,557272": "표본(건물 지붕)", "201056,557274": "표본(건물 지붕)", "201056,557276": "표본(건물 지붕)", "201056,557278": "표본(건물 지붕)", "201058,557240": "표본(건물 지붕)", "201058,557242": "표본(건물 지붕)", "201058,557244": "표본(건물 지붕)", "201058,557246": "보간(패널 아래, 양쪽 간극 표본 사이)", "201058,557248": "보간(패널 아래, 양쪽 간극 표본 사이)", "201058,557250": "보간(패널 아래, 양쪽 간극 표본 사이)", "201058,557252": "보간(패널 아래, 양쪽 간극 표본 사이)", "201058,557254": "보간(패널 아래, 양쪽 간극 표본 사이)", "201058,557256": "표본(건물 지붕)", "201058,557258": "표본(건물 지붕)", "201058,557260": "보간(패널 아래, 양쪽 간극 표본 사이)", "201058,557262": "보간(패널 아래, 양쪽 간극 표본 사이)", "201058,557264": "보간(패널 아래, 양쪽 간극 표본 사이)", "201058,557266": "보간(패널 아래, 양쪽 간극 표본 사이)", "201058,557268": "표본(건물 지붕)", "201058,557270": "표본(건물 지붕)", "201058,557272": "표본(건물 지붕)", "201058,557274": "표본(건물 지붕)", "201058,557276": "표본(건물 지붕)", "201060,557240": "표본(건물 지붕)", "201060,557242": "표본(건물 지붕)", "201060,557244": "표본(건물 지붕)", "201060,557246": "표본(건물 지붕)", "201060,557248": "표본(건물 지붕)", "201060,557250": "보간(패널 아래, 양쪽 간극 표본 사이)", "201060,557252": "보간(패널 아래, 양쪽 간극 표본 사이)", "201060,557254": "보간(패널 아래, 양쪽 간극 표본 사이)", "201060,557256": "보간(패널 아래, 양쪽 간극 표본 사이)", "201060,557258": "표본(건물 지붕)", "201060,557260": "표본(건물 지붕)", "201060,557262": "보간(패널 아래, 양쪽 간극 표본 사이)", "201060,557264": "보간(패널 아래, 양쪽 간극 표본 사이)", "201060,557266": "보간(패널 아래, 양쪽 간극 표본 사이)", "201060,557268": "표본(건물 지붕)", "201060,557270": "표본(건물 지붕)", "201060,557272": "표본(건물 지붕)", "201060,557274": "표본(건물 지붕)", "201062,557240": "표본(건물 지붕)", "201062,557242": "표본(건물 지붕)", "201062,557244": "표본(건물 지붕)", "201062,557246": "표본(건물 지붕)", "201062,557248": "표본(건물 지붕)", "201062,557250": "표본(건물 지붕)", "201062,557252": "표본(건물 지붕)", "201062,557254": "보간(패널 아래, 양쪽 간극 표본 사이)", "201062,557256": "보간(패널 아래, 양쪽 간극 표본 사이)", "201062,557258": "보간(패널 아래, 양쪽 간극 표본 사이)", "201062,557260": "보간(패널 아래, 양쪽 간극 표본 사이)", "201062,557262": "표본(건물 지붕)", "201062,557264": "표본(건물 지붕)", "201062,557268": "표본(건물 지붕)", "201062,557270": "표본(건물 지붕)", "201062,557272": "표본(건물 지붕)", "201064,557238": "표본(건물 지붕)", "201064,557240": "표본(건물 지붕)", "201064,557242": "표본(건물 지붕)", "201064,557244": "표본(건물 지붕)", "201064,557246": "표본(건물 지붕)", "201064,557248": "표본(건물 지붕)", "201064,557250": "표본(건물 지붕)", "201064,557252": "표본(건물 지붕)", "201064,557254": "표본(건물 지붕)", "201064,557256": "보간(패널 아래, 양쪽 간극 표본 사이)", "201064,557258": "보간(패널 아래, 양쪽 간극 표본 사이)", "201064,557260": "보간(패널 아래, 양쪽 간극 표본 사이)", "201064,557262": "보간(패널 아래, 양쪽 간극 표본 사이)", "201064,557264": "표본(건물 지붕)", "201064,557268": "표본(건물 지붕)", "201064,557270": "표본(건물 지붕)", "201066,557238": "표본(건물 지붕)", "201066,557240": "표본(건물 지붕)", "201066,557242": "표본(건물 지붕)", "201066,557244": "표본(건물 지붕)", "201066,557246": "표본(건물 지붕)", "201066,557248": "표본(건물 지붕)", "201066,557250": "표본(건물 지붕)", "201066,557252": "표본(건물 지붕)", "201066,557254": "표본(건물 지붕)", "201066,557256": "표본(건물 지붕)", "201066,557258": "표본(건물 지붕)", "201066,557260": "보간(패널 아래, 양쪽 간극 표본 사이)", "201066,557262": "보간(패널 아래, 양쪽 간극 표본 사이)", "201066,557264": "표본(건물 지붕)", "201066,557266": "표본(건물 지붕)", "201066,557268": "표본(건물 지붕)", "201066,557270": "표본(건물 지붕)", "201068,557238": "표본(건물 지붕)", "201068,557240": "표본(건물 지붕)", "201068,557246": "표본(건물 지붕)", "201068,557248": "표본(건물 지붕)", "201068,557254": "표본(건물 지붕)", "201068,557256": "표본(건물 지붕)", "201068,557258": "표본(건물 지붕)", "201068,557260": "표본(건물 지붕)", "201068,557262": "보간(패널 아래, 양쪽 간극 표본 사이)", "201068,557264": "표본(건물 지붕)", "201068,557266": "표본(건물 지붕)", "201070,557254": "표본(건물 지붕)", "201070,557256": "표본(건물 지붕)", "201070,557258": "표본(건물 지붕)", "201070,557260": "표본(건물 지붕)", "201070,557262": "표본(건물 지붕)", "201070,557264": "표본(건물 지붕)", "201072,557254": "표본(건물 지붕)", "201072,557256": "표본(건물 지붕)", "201072,557258": "표본(건물 지붕)", "201072,557260": "표본(건물 지붕)", "201074,557252": "표본(건물 지붕)", "201074,557254": "표본(건물 지붕)", "201074,557256": "표본(건물 지붕)", "201074,557258": "표본(건물 지붕)", "201076,557252": "표본(건물 지붕)", "201076,557254": "표본(건물 지붕)", "201076,557256": "표본(건물 지붕)"}}, "geometry": {"type": "MultiPolygon", "coordinates": [[[[201016, 557270, 179.8], [201018, 557270, 179.5], [201018, 557272, 179.7], [201016, 557270, 179.8]]], [[[201016, 557270, 179.8], [201018, 557272, 179.7], [201016, 557272, 180.1], [201016, 557270, 179.8]]], [[[201018, 557268, 179.3], [201020, 557268, 178.9], [201020, 557270, 179.2], [201018, 557268, 179.3]]], [[[201018, 557268, 179.3], [201020, 557270, 179.2], [201018, 557270, 179.5], [201018, 557268, 179.3]]], [[[201018, 557270, 179.5], [201020, 557270, 179.2], [201020, 557272, 179.4], [201018, 557270, 179.5]]], [[[201018, 557270, 179.5], [201020, 557272, 179.4], [201018, 557272, 179.7], [201018, 557270, 179.5]]], [[[201018, 557272, 179.7], [201020, 557272, 179.4], [201020, 557274, 179.6], [201018, 557272, 179.7]]], [[[201020, 557264, 178.5], [201022, 557264, 178.1], [201022, 557266, 178.4], [201020, 557264, 178.5]]], [[[201020, 557264, 178.5], [201022, 557266, 178.4], [201020, 557266, 178.7], [201020, 557264, 178.5]]], [[[201020, 557266, 178.7], [201022, 557266, 178.4], [201022, 557268, 178.6], [201020, 557266, 178.7]]], [[[201020, 557266, 178.7], [201022, 557268, 178.6], [201020, 557268, 178.9], [201020, 557266, 178.7]]], [[[201020, 557268, 178.9], [201022, 557268, 178.6], [201022, 557270, 178.8], [201020, 557268, 178.9]]], [[[201020, 557268, 178.9], [201022, 557270, 178.8], [201020, 557270, 179.2], [201020, 557268, 178.9]]], [[[201020, 557270, 179.2], [201022, 557270, 178.8], [201022, 557272, 179.0], [201020, 557270, 179.2]]], [[[201020, 557270, 179.2], [201022, 557272, 179.0], [201020, 557272, 179.4], [201020, 557270, 179.2]]], [[[201020, 557272, 179.4], [201022, 557272, 179.0], [201022, 557274, 179.3], [201020, 557272, 179.4]]], [[[201020, 557272, 179.4], [201022, 557274, 179.3], [201020, 557274, 179.6], [201020, 557272, 179.4]]], [[[201020, 557274, 179.6], [201022, 557274, 179.3], [201022, 557276, 179.5], [201020, 557274, 179.6]]], [[[201022, 557260, 177.6], [201024, 557260, 177.3], [201024, 557262, 177.5], [201022, 557260, 177.6]]], [[[201022, 557260, 177.6], [201024, 557262, 177.5], [201022, 557262, 177.9], [201022, 557260, 177.6]]], [[[201022, 557262, 177.9], [201024, 557262, 177.5], [201024, 557264, 177.8], [201022, 557262, 177.9]]], [[[201022, 557262, 177.9], [201024, 557264, 177.8], [201022, 557264, 178.1], [201022, 557262, 177.9]]], [[[201022, 557264, 178.1], [201024, 557264, 177.8], [201024, 557266, 178.0], [201022, 557264, 178.1]]], [[[201022, 557264, 178.1], [201024, 557266, 178.0], [201022, 557266, 178.4], [201022, 557264, 178.1]]], [[[201022, 557266, 178.4], [201024, 557266, 178.0], [201024, 557268, 178.2], [201022, 557266, 178.4]]], [[[201022, 557266, 178.4], [201024, 557268, 178.2], [201022, 557268, 178.6], [201022, 557266, 178.4]]], [[[201022, 557268, 178.6], [201024, 557268, 178.2], [201024, 557270, 178.4], [201022, 557268, 178.6]]], [[[201022, 557268, 178.6], [201024, 557270, 178.4], [201022, 557270, 178.8], [201022, 557268, 178.6]]], [[[201022, 557270, 178.8], [201024, 557270, 178.4], [201024, 557272, 178.7], [201022, 557270, 178.8]]], [[[201022, 557270, 178.8], [201024, 557272, 178.7], [201022, 557272, 179.0], [201022, 557270, 178.8]]], [[[201022, 557272, 179.0], [201024, 557272, 178.7], [201024, 557274, 178.9], [201022, 557272, 179.0]]], [[[201022, 557272, 179.0], [201024, 557274, 178.9], [201022, 557274, 179.3], [201022, 557272, 179.0]]], [[[201022, 557274, 179.3], [201024, 557274, 178.9], [201024, 557276, 179.1], [201022, 557274, 179.3]]], [[[201022, 557274, 179.3], [201024, 557276, 179.1], [201022, 557276, 179.5], [201022, 557274, 179.3]]], [[[201022, 557276, 179.5], [201024, 557276, 179.1], [201024, 557278, 179.4], [201022, 557276, 179.5]]], [[[201022, 557276, 179.5], [201024, 557278, 179.4], [201022, 557278, 179.7], [201022, 557276, 179.5]]], [[[201024, 557258, 177.0], [201026, 557258, 176.7], [201026, 557260, 176.9], [201024, 557258, 177.0]]], [[[201024, 557258, 177.0], [201026, 557260, 176.9], [201024, 557260, 177.3], [201024, 557258, 177.0]]], [[[201024, 557260, 177.3], [201026, 557260, 176.9], [201026, 557262, 177.1437778004235], [201024, 557260, 177.3]]], [[[201024, 557260, 177.3], [201026, 557262, 177.1437778004235], [201024, 557262, 177.5], [201024, 557260, 177.3]]], [[[201024, 557262, 177.5], [201026, 557262, 177.1437778004235], [201026, 557264, 177.41637609276378], [201024, 557262, 177.5]]], [[[201024, 557262, 177.5], [201026, 557264, 177.41637609276378], [201024, 557264, 177.8], [201024, 557262, 177.5]]], [[[201024, 557264, 177.8], [201026, 557264, 177.41637609276378], [201026, 557266, 177.6], [201024, 557264, 177.8]]], [[[201024, 557264, 177.8], [201026, 557266, 177.6], [201024, 557266, 178.0], [201024, 557264, 177.8]]], [[[201024, 557266, 178.0], [201026, 557266, 177.6], [201026, 557268, 177.8], [201024, 557266, 178.0]]], [[[201024, 557266, 178.0], [201026, 557268, 177.8], [201024, 557268, 178.2], [201024, 557266, 178.0]]], [[[201024, 557268, 178.2], [201026, 557268, 177.8], [201026, 557270, 178.1], [201024, 557268, 178.2]]], [[[201024, 557268, 178.2], [201026, 557270, 178.1], [201024, 557270, 178.4], [201024, 557268, 178.2]]], [[[201024, 557270, 178.4], [201026, 557270, 178.1], [201026, 557272, 178.3], [201024, 557270, 178.4]]], [[[201024, 557270, 178.4], [201026, 557272, 178.3], [201024, 557272, 178.7], [201024, 557270, 178.4]]], [[[201024, 557272, 178.7], [201026, 557272, 178.3], [201026, 557274, 178.5], [201024, 557272, 178.7]]], [[[201024, 557272, 178.7], [201026, 557274, 178.5], [201024, 557274, 178.9], [201024, 557272, 178.7]]], [[[201024, 557274, 178.9], [201026, 557274, 178.5], [201026, 557276, 178.7], [201024, 557274, 178.9]]], [[[201024, 557274, 178.9], [201026, 557276, 178.7], [201024, 557276, 179.1], [201024, 557274, 178.9]]], [[[201024, 557276, 179.1], [201026, 557276, 178.7], [201026, 557278, 179.0], [201024, 557276, 179.1]]], [[[201024, 557276, 179.1], [201026, 557278, 179.0], [201024, 557278, 179.4], [201024, 557276, 179.1]]], [[[201024, 557278, 179.4], [201026, 557278, 179.0], [201026, 557280, 179.2], [201024, 557278, 179.4]]], [[[201024, 557282, 179.8], [201026, 557282, 179.4], [201026, 557284, 179.6], [201024, 557282, 179.8]]], [[[201024, 557282, 179.8], [201026, 557284, 179.6], [201024, 557284, 180.0], [201024, 557282, 179.8]]], [[[201024, 557284, 180.0], [201026, 557284, 179.6], [201026, 557286, 179.9], [201024, 557284, 180.0]]], [[[201024, 557284, 180.0], [201026, 557286, 179.9], [201024, 557286, 180.2], [201024, 557284, 180.0]]], [[[201026, 557256, 176.5], [201028, 557256, 176.1], [201028, 557258, 176.3], [201026, 557256, 176.5]]], [[[201026, 557256, 176.5], [201028, 557258, 176.3], [201026, 557258, 176.7], [201026, 557256, 176.5]]], [[[201026, 557258, 176.7], [201028, 557258, 176.3], [201028, 557260, 176.55], [201026, 557258, 176.7]]], [[[201026, 557258, 176.7], [201028, 557260, 176.55], [201026, 557260, 176.9], [201026, 557258, 176.7]]], [[[201026, 557260, 176.9], [201028, 557260, 176.55], [201028, 557262, 176.78362390723623], [201026, 557260, 176.9]]], [[[201026, 557260, 176.9], [201028, 557262, 176.78362390723623], [201026, 557262, 177.1437778004235], [201026, 557260, 176.9]]], [[[201026, 557262, 177.1437778004235], [201028, 557262, 176.78362390723623], [201028, 557264, 177.0], [201026, 557262, 177.1437778004235]]], [[[201026, 557262, 177.1437778004235], [201028, 557264, 177.0], [201026, 557264, 177.41637609276378], [201026, 557262, 177.1437778004235]]], [[[201026, 557264, 177.41637609276378], [201028, 557264, 177.0], [201028, 557266, 177.2437778004235], [201026, 557264, 177.41637609276378]]], [[[201026, 557264, 177.41637609276378], [201028, 557266, 177.2437778004235], [201026, 557266, 177.6], [201026, 557264, 177.41637609276378]]], [[[201026, 557266, 177.6], [201028, 557266, 177.2437778004235], [201028, 557268, 177.5], [201026, 557266, 177.6]]], [[[201026, 557266, 177.6], [201028, 557268, 177.5], [201026, 557268, 177.8], [201026, 557266, 177.6]]], [[[201026, 557268, 177.8], [201028, 557268, 177.5], [201028, 557270, 177.7], [201026, 557268, 177.8]]], [[[201026, 557268, 177.8], [201028, 557270, 177.7], [201026, 557270, 178.1], [201026, 557268, 177.8]]], [[[201026, 557270, 178.1], [201028, 557270, 177.7], [201028, 557272, 177.9], [201026, 557270, 178.1]]], [[[201026, 557270, 178.1], [201028, 557272, 177.9], [201026, 557272, 178.3], [201026, 557270, 178.1]]], [[[201026, 557272, 178.3], [201028, 557272, 177.9], [201028, 557274, 178.1], [201026, 557272, 178.3]]], [[[201026, 557272, 178.3], [201028, 557274, 178.1], [201026, 557274, 178.5], [201026, 557272, 178.3]]], [[[201026, 557274, 178.5], [201028, 557274, 178.1], [201028, 557276, 178.4], [201026, 557274, 178.5]]], [[[201026, 557274, 178.5], [201028, 557276, 178.4], [201026, 557276, 178.7], [201026, 557274, 178.5]]], [[[201026, 557276, 178.7], [201028, 557276, 178.4], [201028, 557278, 178.6], [201026, 557276, 178.7]]], [[[201026, 557276, 178.7], [201028, 557278, 178.6], [201026, 557278, 179.0], [201026, 557276, 178.7]]], [[[201026, 557278, 179.0], [201028, 557278, 178.6], [201028, 557280, 178.8], [201026, 557278, 179.0]]], [[[201026, 557278, 179.0], [201028, 557280, 178.8], [201026, 557280, 179.2], [201026, 557278, 179.0]]], [[[201026, 557280, 179.2], [201028, 557280, 178.8], [201028, 557282, 179.0], [201026, 557280, 179.2]]], [[[201026, 557280, 179.2], [201028, 557282, 179.0], [201026, 557282, 179.4], [201026, 557280, 179.2]]], [[[201026, 557282, 179.4], [201028, 557282, 179.0], [201028, 557284, 179.3], [201026, 557282, 179.4]]], [[[201026, 557282, 179.4], [201028, 557284, 179.3], [201026, 557284, 179.6], [201026, 557282, 179.4]]], [[[201026, 557284, 179.6], [201028, 557284, 179.3], [201028, 557286, 179.5], [201026, 557284, 179.6]]], [[[201026, 557284, 179.6], [201028, 557286, 179.5], [201026, 557286, 179.9], [201026, 557284, 179.6]]], [[[201028, 557254, 175.9], [201030, 557254, 175.5], [201030, 557256, 175.7], [201028, 557254, 175.9]]], [[[201028, 557254, 175.9], [201030, 557256, 175.7], [201028, 557256, 176.1], [201028, 557254, 175.9]]], [[[201028, 557256, 176.1], [201030, 557256, 175.7], [201030, 557258, 176.0], [201028, 557256, 176.1]]], [[[201028, 557256, 176.1], [201030, 557258, 176.0], [201028, 557258, 176.3], [201028, 557256, 176.1]]], [[[201028, 557258, 176.3], [201030, 557258, 176.0], [201030, 557260, 176.2], [201028, 557258, 176.3]]], [[[201028, 557258, 176.3], [201030, 557260, 176.2], [201028, 557260, 176.55], [201028, 557258, 176.3]]], [[[201028, 557260, 176.55], [201030, 557260, 176.2], [201030, 557262, 176.4], [201028, 557260, 176.55]]], [[[201028, 557260, 176.55], [201030, 557262, 176.4], [201028, 557262, 176.78362390723623], [201028, 557260, 176.55]]], [[[201028, 557262, 176.78362390723623], [201030, 557262, 176.4], [201030, 557264, 176.65622219957652], [201028, 557262, 176.78362390723623]]], [[[201028, 557262, 176.78362390723623], [201030, 557264, 176.65622219957652], [201028, 557264, 177.0], [201028, 557262, 176.78362390723623]]], [[[201028, 557264, 177.0], [201030, 557264, 176.65622219957652], [201030, 557266, 176.9], [201028, 557264, 177.0]]], [[[201028, 557264, 177.0], [201030, 557266, 176.9], [201028, 557266, 177.2437778004235], [201028, 557264, 177.0]]], [[[201028, 557266, 177.2437778004235], [201030, 557266, 176.9], [201030, 557268, 177.11637609276377], [201028, 557266, 177.2437778004235]]], [[[201028, 557266, 177.2437778004235], [201030, 557268, 177.11637609276377], [201028, 557268, 177.5], [201028, 557266, 177.2437778004235]]], [[[201028, 557268, 177.5], [201030, 557268, 177.11637609276377], [201030, 557270, 177.31637609276376], [201028, 557268, 177.5]]], [[[201028, 557268, 177.5], [201030, 557270, 177.31637609276376], [201028, 557270, 177.7], [201028, 557268, 177.5]]], [[[201028, 557270, 177.7], [201030, 557270, 177.31637609276376], [201030, 557272, 177.5], [201028, 557270, 177.7]]], [[[201028, 557270, 177.7], [201030, 557272, 177.5], [201028, 557272, 177.9], [201028, 557270, 177.7]]], [[[201028, 557272, 177.9], [201030, 557272, 177.5], [201030, 557274, 177.8], [201028, 557272, 177.9]]], [[[201028, 557272, 177.9], [201030, 557274, 177.8], [201028, 557274, 178.1], [201028, 557272, 177.9]]], [[[201028, 557274, 178.1], [201030, 557274, 177.8], [201030, 557276, 178.0], [201028, 557274, 178.1]]], [[[201028, 557274, 178.1], [201030, 557276, 178.0], [201028, 557276, 178.4], [201028, 557274, 178.1]]], [[[201028, 557276, 178.4], [201030, 557276, 178.0], [201030, 557278, 178.2], [201028, 557276, 178.4]]], [[[201028, 557276, 178.4], [201030, 557278, 178.2], [201028, 557278, 178.6], [201028, 557276, 178.4]]], [[[201028, 557278, 178.6], [201030, 557278, 178.2], [201030, 557280, 178.4], [201028, 557278, 178.6]]], [[[201028, 557278, 178.6], [201030, 557280, 178.4], [201028, 557280, 178.8], [201028, 557278, 178.6]]], [[[201028, 557280, 178.8], [201030, 557280, 178.4], [201030, 557282, 178.7], [201028, 557280, 178.8]]], [[[201028, 557280, 178.8], [201030, 557282, 178.7], [201028, 557282, 179.0], [201028, 557280, 178.8]]], [[[201028, 557282, 179.0], [201030, 557282, 178.7], [201030, 557284, 178.9], [201028, 557282, 179.0]]], [[[201028, 557282, 179.0], [201030, 557284, 178.9], [201028, 557284, 179.3], [201028, 557282, 179.0]]], [[[201030, 557252, 175.3], [201032, 557252, 174.9], [201032, 557254, 175.1], [201030, 557252, 175.3]]], [[[201030, 557252, 175.3], [201032, 557254, 175.1], [201030, 557254, 175.5], [201030, 557252, 175.3]]], [[[201030, 557254, 175.5], [201032, 557254, 175.1], [201032, 557256, 175.4], [201030, 557254, 175.5]]], [[[201030, 557254, 175.5], [201032, 557256, 175.4], [201030, 557256, 175.7], [201030, 557254, 175.5]]], [[[201030, 557256, 175.7], [201032, 557256, 175.4], [201032, 557258, 175.62255713218022], [201030, 557256, 175.7]]], [[[201030, 557256, 175.7], [201032, 557258, 175.62255713218022], [201030, 557258, 176.0], [201030, 557256, 175.7]]], [[[201030, 557258, 176.0], [201032, 557258, 175.62255713218022], [201032, 557260, 175.81637609276376], [201030, 557258, 176.0]]], [[[201030, 557258, 176.0], [201032, 557260, 175.81637609276376], [201030, 557260, 176.2], [201030, 557258, 176.0]]], [[[201030, 557260, 176.2], [201032, 557260, 175.81637609276376], [201032, 557262, 176.0], [201030, 557260, 176.2]]], [[[201030, 557260, 176.2], [201032, 557262, 176.0], [201030, 557262, 176.4], [201030, 557260, 176.2]]], [[[201030, 557262, 176.4], [201032, 557262, 176.0], [201032, 557264, 176.3], [201030, 557262, 176.4]]], [[[201030, 557262, 176.4], [201032, 557264, 176.3], [201030, 557264, 176.65622219957652], [201030, 557262, 176.4]]], [[[201030, 557264, 176.65622219957652], [201032, 557264, 176.3], [201032, 557266, 176.48362390723622], [201030, 557264, 176.65622219957652]]], [[[201030, 557264, 176.65622219957652], [201032, 557266, 176.48362390723622], [201030, 557266, 176.9], [201030, 557264, 176.65622219957652]]], [[[201030, 557266, 176.9], [201032, 557266, 176.48362390723622], [201032, 557268, 176.68362390723624], [201030, 557266, 176.9]]], [[[201030, 557266, 176.9], [201032, 557268, 176.68362390723624], [201030, 557268, 177.11637609276377], [201030, 557266, 176.9]]], [[[201030, 557268, 177.11637609276377], [201032, 557268, 176.68362390723624], [201032, 557270, 176.9], [201030, 557268, 177.11637609276377]]], [[[201030, 557268, 177.11637609276377], [201032, 557270, 176.9], [201030, 557270, 177.31637609276376], [201030, 557268, 177.11637609276377]]], [[[201030, 557270, 177.31637609276376], [201032, 557270, 176.9], [201032, 557272, 177.1437778004235], [201030, 557270, 177.31637609276376]]], [[[201030, 557270, 177.31637609276376], [201032, 557272, 177.1437778004235], [201030, 557272, 177.5], [201030, 557270, 177.31637609276376]]], [[[201030, 557272, 177.5], [201032, 557272, 177.1437778004235], [201032, 557274, 177.42780442270148], [201030, 557272, 177.5]]], [[[201030, 557272, 177.5], [201032, 557274, 177.42780442270148], [201030, 557274, 177.8], [201030, 557272, 177.5]]], [[[201030, 557274, 177.8], [201032, 557274, 177.42780442270148], [201032, 557276, 177.6], [201030, 557274, 177.8]]], [[[201030, 557274, 177.8], [201032, 557276, 177.6], [201030, 557276, 178.0], [201030, 557274, 177.8]]], [[[201030, 557276, 178.0], [201032, 557276, 177.6], [201032, 557278, 177.8], [201030, 557276, 178.0]]], [[[201030, 557276, 178.0], [201032, 557278, 177.8], [201030, 557278, 178.2], [201030, 557276, 178.0]]], [[[201030, 557278, 178.2], [201032, 557278, 177.8], [201032, 557280, 178.1], [201030, 557278, 178.2]]], [[[201030, 557278, 178.2], [201032, 557280, 178.1], [201030, 557280, 178.4], [201030, 557278, 178.2]]], [[[201030, 557280, 178.4], [201032, 557280, 178.1], [201032, 557282, 178.3], [201030, 557280, 178.4]]], [[[201030, 557280, 178.4], [201032, 557282, 178.3], [201030, 557282, 178.7], [201030, 557280, 178.4]]], [[[201030, 557282, 178.7], [201032, 557282, 178.3], [201032, 557284, 178.5], [201030, 557282, 178.7]]], [[[201030, 557282, 178.7], [201032, 557284, 178.5], [201030, 557284, 178.9], [201030, 557282, 178.7]]], [[[201032, 557250, 174.7], [201034, 557250, 174.3], [201034, 557252, 174.5], [201032, 557250, 174.7]]], [[[201032, 557250, 174.7], [201034, 557252, 174.5], [201032, 557252, 174.9], [201032, 557250, 174.7]]], [[[201032, 557252, 174.9], [201034, 557252, 174.5], [201034, 557254, 174.8], [201032, 557252, 174.9]]], [[[201032, 557252, 174.9], [201034, 557254, 174.8], [201032, 557254, 175.1], [201032, 557252, 174.9]]], [[[201032, 557254, 175.1], [201034, 557254, 174.8], [201034, 557256, 175.0], [201032, 557254, 175.1]]], [[[201032, 557254, 175.1], [201034, 557256, 175.0], [201032, 557256, 175.4], [201032, 557254, 175.1]]], [[[201032, 557256, 175.4], [201034, 557256, 175.0], [201034, 557258, 175.18362390723624], [201032, 557256, 175.4]]], [[[201032, 557256, 175.4], [201034, 557258, 175.18362390723624], [201032, 557258, 175.62255713218022], [201032, 557256, 175.4]]], [[[201032, 557258, 175.62255713218022], [201034, 557258, 175.18362390723624], [201034, 557260, 175.4], [201032, 557258, 175.62255713218022]]], [[[201032, 557258, 175.62255713218022], [201034, 557260, 175.4], [201032, 557260, 175.81637609276376], [201032, 557258, 175.62255713218022]]], [[[201032, 557260, 175.81637609276376], [201034, 557260, 175.4], [201034, 557262, 175.6437778004235], [201032, 557260, 175.81637609276376]]], [[[201032, 557260, 175.81637609276376], [201034, 557262, 175.6437778004235], [201032, 557262, 176.0], [201032, 557260, 175.81637609276376]]], [[[201032, 557262, 176.0], [201034, 557262, 175.6437778004235], [201034, 557264, 175.91637609276378], [201032, 557262, 176.0]]], [[[201032, 557262, 176.0], [201034, 557264, 175.91637609276378], [201032, 557264, 176.3], [201032, 557262, 176.0]]], [[[201032, 557264, 176.3], [201034, 557264, 175.91637609276378], [201034, 557266, 176.1], [201032, 557264, 176.3]]], [[[201032, 557264, 176.3], [201034, 557266, 176.1], [201032, 557266, 176.48362390723622], [201032, 557264, 176.3]]], [[[201032, 557266, 176.48362390723622], [201034, 557266, 176.1], [201034, 557268, 176.3], [201032, 557266, 176.48362390723622]]], [[[201032, 557266, 176.48362390723622], [201034, 557268, 176.3], [201032, 557268, 176.68362390723624], [201032, 557266, 176.48362390723622]]], [[[201032, 557268, 176.68362390723624], [201034, 557268, 176.3], [201034, 557270, 176.5562221995765], [201032, 557268, 176.68362390723624]]], [[[201032, 557268, 176.68362390723624], [201034, 557270, 176.5562221995765], [201032, 557270, 176.9], [201032, 557268, 176.68362390723624]]], [[[201032, 557270, 176.9], [201034, 557270, 176.5562221995765], [201034, 557272, 176.81390221135072], [201032, 557270, 176.9]]], [[[201032, 557270, 176.9], [201034, 557272, 176.81390221135072], [201032, 557272, 177.1437778004235], [201032, 557270, 176.9]]], [[[201032, 557272, 177.1437778004235], [201034, 557272, 176.81390221135072], [201034, 557274, 176.98609778864926], [201032, 557272, 177.1437778004235]]], [[[201032, 557272, 177.1437778004235], [201034, 557274, 176.98609778864926], [201032, 557274, 177.42780442270148], [201032, 557272, 177.1437778004235]]], [[[201032, 557274, 177.42780442270148], [201034, 557274, 176.98609778864926], [201034, 557276, 177.21637609276377], [201032, 557274, 177.42780442270148]]], [[[201032, 557274, 177.42780442270148], [201034, 557276, 177.21637609276377], [201032, 557276, 177.6], [201032, 557274, 177.42780442270148]]], [[[201032, 557276, 177.6], [201034, 557276, 177.21637609276377], [201034, 557278, 177.4], [201032, 557276, 177.6]]], [[[201032, 557276, 177.6], [201034, 557278, 177.4], [201032, 557278, 177.8], [201032, 557276, 177.6]]], [[[201032, 557278, 177.8], [201034, 557278, 177.4], [201034, 557280, 177.7], [201032, 557278, 177.8]]], [[[201032, 557278, 177.8], [201034, 557280, 177.7], [201032, 557280, 178.1], [201032, 557278, 177.8]]], [[[201032, 557280, 178.1], [201034, 557280, 177.7], [201034, 557282, 177.9], [201032, 557280, 178.1]]], [[[201032, 557280, 178.1], [201034, 557282, 177.9], [201032, 557282, 178.3], [201032, 557280, 178.1]]], [[[201032, 557282, 178.3], [201034, 557282, 177.9], [201034, 557284, 178.1], [201032, 557282, 178.3]]], [[[201032, 557282, 178.3], [201034, 557284, 178.1], [201032, 557284, 178.5], [201032, 557282, 178.3]]], [[[201034, 557248, 174.1], [201036, 557250, 174.0], [201034, 557250, 174.3], [201034, 557248, 174.1]]], [[[201034, 557250, 174.3], [201036, 557250, 174.0], [201036, 557252, 174.2], [201034, 557250, 174.3]]], [[[201034, 557250, 174.3], [201036, 557252, 174.2], [201034, 557252, 174.5], [201034, 557250, 174.3]]], [[[201034, 557252, 174.5], [201036, 557252, 174.2], [201036, 557254, 174.4], [201034, 557252, 174.5]]], [[[201034, 557252, 174.5], [201036, 557254, 174.4], [201034, 557254, 174.8], [201034, 557252, 174.5]]], [[[201034, 557254, 174.8], [201036, 557254, 174.4], [201036, 557256, 174.65106664628263], [201034, 557254, 174.8]]], [[[201034, 557254, 174.8], [201036, 557256, 174.65106664628263], [201034, 557256, 175.0], [201034, 557254, 174.8]]], [[[201034, 557256, 175.0], [201036, 557256, 174.65106664628263], [201036, 557258, 174.8], [201034, 557256, 175.0]]], [[[201034, 557256, 175.0], [201036, 557258, 174.8], [201034, 557258, 175.18362390723624], [201034, 557256, 175.0]]], [[[201034, 557258, 175.18362390723624], [201036, 557258, 174.8], [201036, 557260, 175.0562221995765], [201034, 557258, 175.18362390723624]]], [[[201034, 557258, 175.18362390723624], [201036, 557260, 175.0562221995765], [201034, 557260, 175.4], [201034, 557258, 175.18362390723624]]], [[[201034, 557260, 175.4], [201036, 557260, 175.0562221995765], [201036, 557262, 175.28362390723623], [201034, 557260, 175.4]]], [[[201034, 557260, 175.4], [201036, 557262, 175.28362390723623], [201034, 557262, 175.6437778004235], [201034, 557260, 175.4]]], [[[201034, 557262, 175.6437778004235], [201036, 557262, 175.28362390723623], [201036, 557264, 175.5], [201034, 557262, 175.6437778004235]]], [[[201034, 557262, 175.6437778004235], [201036, 557264, 175.5], [201034, 557264, 175.91637609276378], [201034, 557262, 175.6437778004235]]], [[[201034, 557264, 175.91637609276378], [201036, 557264, 175.5], [201036, 557266, 175.71637609276377], [201034, 557264, 175.91637609276378]]], [[[201034, 557264, 175.91637609276378], [201036, 557266, 175.71637609276377], [201034, 557266, 176.1], [201034, 557264, 175.91637609276378]]], [[[201034, 557266, 176.1], [201036, 557266, 175.71637609276377], [201036, 557268, 175.92780442270148], [201034, 557266, 176.1]]], [[[201034, 557266, 176.1], [201036, 557268, 175.92780442270148], [201034, 557268, 176.3], [201034, 557266, 176.1]]], [[[201034, 557268, 176.3], [201036, 557268, 175.92780442270148], [201036, 557270, 176.2], [201034, 557268, 176.3]]], [[[201034, 557268, 176.3], [201036, 557270, 176.2], [201034, 557270, 176.5562221995765], [201034, 557268, 176.3]]], [[[201034, 557270, 176.5562221995765], [201036, 557270, 176.2], [201036, 557272, 176.37219557729853], [201034, 557270, 176.5562221995765]]], [[[201034, 557270, 176.5562221995765], [201036, 557272, 176.37219557729853], [201034, 557272, 176.81390221135072], [201034, 557270, 176.5562221995765]]], [[[201034, 557272, 176.81390221135072], [201036, 557272, 176.37219557729853], [201036, 557274, 176.58362390723622], [201034, 557272, 176.81390221135072]]], [[[201034, 557272, 176.81390221135072], [201036, 557274, 176.58362390723622], [201034, 557274, 176.98609778864926], [201034, 557272, 176.81390221135072]]], [[[201034, 557274, 176.98609778864926], [201036, 557274, 176.58362390723622], [201036, 557276, 176.8], [201034, 557274, 176.98609778864926]]], [[[201034, 557274, 176.98609778864926], [201036, 557276, 176.8], [201034, 557276, 177.21637609276377], [201034, 557274, 176.98609778864926]]], [[[201034, 557276, 177.21637609276377], [201036, 557276, 176.8], [201036, 557278, 177.0437778004235], [201034, 557276, 177.21637609276377]]], [[[201034, 557276, 177.21637609276377], [201036, 557278, 177.0437778004235], [201034, 557278, 177.4], [201034, 557276, 177.21637609276377]]], [[[201034, 557278, 177.4], [201036, 557278, 177.0437778004235], [201036, 557280, 177.32780442270146], [201034, 557278, 177.4]]], [[[201034, 557278, 177.4], [201036, 557280, 177.32780442270146], [201034, 557280, 177.7], [201034, 557278, 177.4]]], [[[201034, 557280, 177.7], [201036, 557280, 177.32780442270146], [201036, 557282, 177.5], [201034, 557280, 177.7]]], [[[201034, 557280, 177.7], [201036, 557282, 177.5], [201034, 557282, 177.9], [201034, 557280, 177.7]]], [[[201034, 557282, 177.9], [201036, 557282, 177.5], [201036, 557284, 177.7], [201034, 557282, 177.9]]], [[[201034, 557282, 177.9], [201036, 557284, 177.7], [201034, 557284, 178.1], [201034, 557282, 177.9]]], [[[201036, 557250, 174.0], [201038, 557250, 173.6], [201038, 557252, 173.8], [201036, 557250, 174.0]]], [[[201036, 557250, 174.0], [201038, 557252, 173.8], [201036, 557252, 174.2], [201036, 557250, 174.0]]], [[[201036, 557252, 174.2], [201038, 557252, 173.8], [201038, 557254, 174.06030141896218], [201036, 557252, 174.2]]], [[[201036, 557252, 174.2], [201038, 557254, 174.06030141896218], [201036, 557254, 174.4], [201036, 557252, 174.2]]], [[[201036, 557254, 174.4], [201038, 557254, 174.06030141896218], [201038, 557256, 174.26283556506812], [201036, 557254, 174.4]]], [[[201036, 557254, 174.4], [201038, 557256, 174.26283556506812], [201036, 557256, 174.65106664628263], [201036, 557254, 174.4]]], [[[201036, 557256, 174.65106664628263], [201038, 557256, 174.26283556506812], [201038, 557258, 174.4437778004235], [201036, 557256, 174.65106664628263]]], [[[201036, 557256, 174.65106664628263], [201038, 557258, 174.4437778004235], [201036, 557258, 174.8], [201036, 557256, 174.65106664628263]]], [[[201036, 557258, 174.8], [201038, 557258, 174.4437778004235], [201038, 557260, 174.7], [201036, 557258, 174.8]]], [[[201036, 557258, 174.8], [201038, 557260, 174.7], [201036, 557260, 175.0562221995765], [201036, 557258, 174.8]]], [[[201036, 557260, 175.0562221995765], [201038, 557260, 174.7], [201038, 557262, 174.9], [201036, 557260, 175.0562221995765]]], [[[201036, 557260, 175.0562221995765], [201038, 557262, 174.9], [201036, 557262, 175.28362390723623], [201036, 557260, 175.0562221995765]]], [[[201036, 557262, 175.28362390723623], [201038, 557262, 174.9], [201038, 557264, 175.08362390723622], [201036, 557262, 175.28362390723623]]], [[[201036, 557262, 175.28362390723623], [201038, 557264, 175.08362390723622], [201036, 557264, 175.5], [201036, 557262, 175.28362390723623]]], [[[201036, 557264, 175.5], [201038, 557264, 175.08362390723622], [201038, 557266, 175.31390221135072], [201036, 557264, 175.5]]], [[[201036, 557264, 175.5], [201038, 557266, 175.31390221135072], [201036, 557266, 175.71637609276377], [201036, 557264, 175.5]]], [[[201036, 557266, 175.71637609276377], [201038, 557266, 175.31390221135072], [201038, 557268, 175.58609778864925], [201036, 557266, 175.71637609276377]]], [[[201036, 557266, 175.71637609276377], [201038, 557268, 175.58609778864925], [201036, 557268, 175.92780442270148], [201036, 557266, 175.71637609276377]]], [[[201036, 557268, 175.92780442270148], [201038, 557268, 175.58609778864925], [201038, 557270, 175.81637609276376], [201036, 557268, 175.92780442270148]]], [[[201036, 557268, 175.92780442270148], [201038, 557270, 175.81637609276376], [201036, 557270, 176.2], [201036, 557268, 175.92780442270148]]], [[[201036, 557270, 176.2], [201038, 557270, 175.81637609276376], [201038, 557272, 176.0], [201036, 557270, 176.2]]], [[[201036, 557270, 176.2], [201038, 557272, 176.0], [201036, 557272, 176.37219557729853], [201036, 557270, 176.2]]], [[[201036, 557272, 176.37219557729853], [201038, 557272, 176.0], [201038, 557274, 176.2], [201036, 557272, 176.37219557729853]]], [[[201036, 557272, 176.37219557729853], [201038, 557274, 176.2], [201036, 557274, 176.58362390723622], [201036, 557272, 176.37219557729853]]], [[[201036, 557274, 176.58362390723622], [201038, 557274, 176.2], [201038, 557276, 176.4562221995765], [201036, 557274, 176.58362390723622]]], [[[201036, 557274, 176.58362390723622], [201038, 557276, 176.4562221995765], [201036, 557276, 176.8], [201036, 557274, 176.58362390723622]]], [[[201036, 557276, 176.8], [201038, 557276, 176.4562221995765], [201038, 557278, 176.71390221135073], [201036, 557276, 176.8]]], [[[201036, 557276, 176.8], [201038, 557278, 176.71390221135073], [201036, 557278, 177.0437778004235], [201036, 557276, 176.8]]], [[[201036, 557278, 177.0437778004235], [201038, 557278, 176.71390221135073], [201038, 557280, 176.88609778864927], [201036, 557278, 177.0437778004235]]], [[[201036, 557278, 177.0437778004235], [201038, 557280, 176.88609778864927], [201036, 557280, 177.32780442270146], [201036, 557278, 177.0437778004235]]], [[[201036, 557280, 177.32780442270146], [201038, 557280, 176.88609778864927], [201038, 557282, 177.1], [201036, 557280, 177.32780442270146]]], [[[201036, 557280, 177.32780442270146], [201038, 557282, 177.1], [201036, 557282, 177.5], [201036, 557280, 177.32780442270146]]], [[[201038, 557248, 173.4], [201040, 557248, 173.1], [201040, 557250, 173.3], [201038, 557248, 173.4]]], [[[201038, 557248, 173.4], [201040, 557250, 173.3], [201038, 557250, 173.6], [201038, 557248, 173.4]]], [[[201038, 557250, 173.6], [201040, 557250, 173.3], [201040, 557252, 173.5], [201038, 557250, 173.6]]], [[[201038, 557250, 173.6], [201040, 557252, 173.5], [201038, 557252, 173.8], [201038, 557250, 173.6]]], [[[201038, 557252, 173.8], [201040, 557252, 173.5], [201040, 557254, 173.72567113013622], [201038, 557252, 173.8]]], [[[201038, 557252, 173.8], [201040, 557254, 173.72567113013622], [201038, 557254, 174.06030141896218], [201038, 557252, 173.8]]], [[[201038, 557254, 174.06030141896218], [201040, 557254, 173.72567113013622], [201040, 557256, 173.8562221995765], [201038, 557254, 174.06030141896218]]], [[[201038, 557254, 174.06030141896218], [201040, 557256, 173.8562221995765], [201038, 557256, 174.26283556506812], [201038, 557254, 174.06030141896218]]], [[[201038, 557256, 174.26283556506812], [201040, 557256, 173.8562221995765], [201040, 557258, 174.1], [201038, 557256, 174.26283556506812]]], [[[201038, 557256, 174.26283556506812], [201040, 557258, 174.1], [201038, 557258, 174.4437778004235], [201038, 557256, 174.26283556506812]]], [[[201038, 557258, 174.4437778004235], [201040, 557258, 174.1], [201040, 557260, 174.34377780042348], [201038, 557258, 174.4437778004235]]], [[[201038, 557258, 174.4437778004235], [201040, 557260, 174.34377780042348], [201038, 557260, 174.7], [201038, 557258, 174.4437778004235]]], [[[201038, 557260, 174.7], [201040, 557260, 174.34377780042348], [201040, 557262, 174.5437778004235], [201038, 557260, 174.7]]], [[[201038, 557260, 174.7], [201040, 557262, 174.5437778004235], [201038, 557262, 174.9], [201038, 557260, 174.7]]], [[[201038, 557262, 174.9], [201040, 557262, 174.5437778004235], [201040, 557264, 174.7], [201038, 557262, 174.9]]], [[[201038, 557262, 174.9], [201040, 557264, 174.7], [201038, 557264, 175.08362390723622], [201038, 557262, 174.9]]], [[[201038, 557264, 175.08362390723622], [201040, 557264, 174.7], [201040, 557266, 174.97219557729852], [201038, 557264, 175.08362390723622]]], [[[201038, 557264, 175.08362390723622], [201040, 557266, 174.97219557729852], [201038, 557266, 175.31390221135072], [201038, 557264, 175.08362390723622]]], [[[201038, 557266, 175.31390221135072], [201040, 557266, 174.97219557729852], [201040, 557268, 175.18362390723624], [201038, 557266, 175.31390221135072]]], [[[201038, 557266, 175.31390221135072], [201040, 557268, 175.18362390723624], [201038, 557268, 175.58609778864925], [201038, 557266, 175.31390221135072]]], [[[201038, 557268, 175.58609778864925], [201040, 557268, 175.18362390723624], [201040, 557270, 175.4], [201038, 557268, 175.58609778864925]]], [[[201038, 557268, 175.58609778864925], [201040, 557270, 175.4], [201038, 557270, 175.81637609276376], [201038, 557268, 175.58609778864925]]], [[[201038, 557270, 175.81637609276376], [201040, 557270, 175.4], [201040, 557272, 175.6437778004235], [201038, 557270, 175.81637609276376]]], [[[201038, 557270, 175.81637609276376], [201040, 557272, 175.6437778004235], [201038, 557272, 176.0], [201038, 557270, 175.81637609276376]]], [[[201038, 557272, 176.0], [201040, 557272, 175.6437778004235], [201040, 557274, 175.84377780042348], [201038, 557272, 176.0]]], [[[201038, 557272, 176.0], [201040, 557274, 175.84377780042348], [201038, 557274, 176.2], [201038, 557272, 176.0]]], [[[201038, 557274, 176.2], [201040, 557274, 175.84377780042348], [201040, 557276, 176.1], [201038, 557274, 176.2]]], [[[201038, 557274, 176.2], [201040, 557276, 176.1], [201038, 557276, 176.4562221995765], [201038, 557274, 176.2]]], [[[201038, 557276, 176.4562221995765], [201040, 557276, 176.1], [201040, 557278, 176.27219557729853], [201038, 557276, 176.4562221995765]]], [[[201038, 557276, 176.4562221995765], [201040, 557278, 176.27219557729853], [201038, 557278, 176.71390221135073], [201038, 557276, 176.4562221995765]]], [[[201038, 557278, 176.71390221135073], [201040, 557278, 176.27219557729853], [201040, 557280, 176.5396985810378], [201038, 557278, 176.71390221135073]]], [[[201038, 557278, 176.71390221135073], [201040, 557280, 176.5396985810378], [201038, 557280, 176.88609778864927], [201038, 557278, 176.71390221135073]]], [[[201038, 557280, 176.88609778864927], [201040, 557280, 176.5396985810378], [201040, 557282, 176.8], [201038, 557280, 176.88609778864927]]], [[[201038, 557280, 176.88609778864927], [201040, 557282, 176.8], [201038, 557282, 177.1], [201038, 557280, 176.88609778864927]]], [[[201038, 557282, 177.1], [201040, 557282, 176.8], [201040, 557284, 177.0], [201038, 557282, 177.1]]], [[[201040, 557246, 172.9], [201042, 557246, 172.5], [201042, 557248, 172.7], [201040, 557246, 172.9]]], [[[201040, 557246, 172.9], [201042, 557248, 172.7], [201040, 557248, 173.1], [201040, 557246, 172.9]]], [[[201040, 557248, 173.1], [201042, 557248, 172.7], [201042, 557250, 172.9], [201040, 557248, 173.1]]], [[[201040, 557248, 173.1], [201042, 557250, 172.9], [201040, 557250, 173.3], [201040, 557248, 173.1]]], [[[201040, 557250, 173.3], [201042, 557250, 172.9], [201042, 557252, 173.1437778004235], [201040, 557250, 173.3]]], [[[201040, 557250, 173.3], [201042, 557252, 173.1437778004235], [201040, 557252, 173.5], [201040, 557250, 173.3]]], [[[201040, 557252, 173.5], [201042, 557252, 173.1437778004235], [201042, 557254, 173.4], [201040, 557252, 173.5]]], [[[201040, 557252, 173.5], [201042, 557254, 173.4], [201040, 557254, 173.72567113013622], [201040, 557252, 173.5]]], [[[201040, 557254, 173.72567113013622], [201042, 557254, 173.4], [201042, 557256, 173.5], [201040, 557254, 173.72567113013622]]], [[[201040, 557254, 173.72567113013622], [201042, 557256, 173.5], [201040, 557256, 173.8562221995765], [201040, 557254, 173.72567113013622]]], [[[201040, 557256, 173.8562221995765], [201042, 557256, 173.5], [201042, 557258, 173.7562221995765], [201040, 557256, 173.8562221995765]]], [[[201040, 557256, 173.8562221995765], [201042, 557258, 173.7562221995765], [201040, 557258, 174.1], [201040, 557256, 173.8562221995765]]], [[[201040, 557258, 174.1], [201042, 557258, 173.7562221995765], [201042, 557260, 173.9562221995765], [201040, 557258, 174.1]]], [[[201040, 557258, 174.1], [201042, 557260, 173.9562221995765], [201040, 557260, 174.34377780042348], [201040, 557258, 174.1]]], [[[201040, 557260, 174.34377780042348], [201042, 557260, 173.9562221995765], [201042, 557262, 174.14999999999998], [201040, 557260, 174.34377780042348]]], [[[201040, 557260, 174.34377780042348], [201042, 557262, 174.14999999999998], [201040, 557262, 174.5437778004235], [201040, 557260, 174.34377780042348]]], [[[201040, 557262, 174.5437778004235], [201042, 557262, 174.14999999999998], [201042, 557264, 174.37117950808323], [201040, 557262, 174.5437778004235]]], [[[201040, 557262, 174.5437778004235], [201042, 557264, 174.37117950808323], [201040, 557264, 174.7], [201040, 557262, 174.5437778004235]]], [[[201040, 557264, 174.7], [201042, 557264, 174.37117950808323], [201042, 557266, 174.6], [201040, 557264, 174.7]]], [[[201040, 557264, 174.7], [201042, 557266, 174.6], [201040, 557266, 174.97219557729852], [201040, 557264, 174.7]]], [[[201040, 557266, 174.97219557729852], [201042, 557266, 174.6], [201042, 557268, 174.8], [201040, 557266, 174.97219557729852]]], [[[201040, 557266, 174.97219557729852], [201042, 557268, 174.8], [201040, 557268, 175.18362390723624], [201040, 557266, 174.97219557729852]]], [[[201040, 557268, 175.18362390723624], [201042, 557268, 174.8], [201042, 557270, 175.0562221995765], [201040, 557268, 175.18362390723624]]], [[[201040, 557268, 175.18362390723624], [201042, 557270, 175.0562221995765], [201040, 557270, 175.4], [201040, 557268, 175.18362390723624]]], [[[201040, 557270, 175.4], [201042, 557270, 175.0562221995765], [201042, 557272, 175.2562221995765], [201040, 557270, 175.4]]], [[[201040, 557270, 175.4], [201042, 557272, 175.2562221995765], [201040, 557272, 175.6437778004235], [201040, 557270, 175.4]]], [[[201040, 557272, 175.6437778004235], [201042, 557272, 175.2562221995765], [201042, 557274, 175.5], [201040, 557272, 175.6437778004235]]], [[[201040, 557272, 175.6437778004235], [201042, 557274, 175.5], [201040, 557274, 175.84377780042348], [201040, 557272, 175.6437778004235]]], [[[201040, 557274, 175.84377780042348], [201042, 557274, 175.5], [201042, 557276, 175.71637609276377], [201040, 557274, 175.84377780042348]]], [[[201040, 557274, 175.84377780042348], [201042, 557276, 175.71637609276377], [201040, 557276, 176.1], [201040, 557274, 175.84377780042348]]], [[[201040, 557276, 176.1], [201042, 557276, 175.71637609276377], [201042, 557278, 175.9], [201040, 557276, 176.1]]], [[[201040, 557276, 176.1], [201042, 557278, 175.9], [201040, 557278, 176.27219557729853], [201040, 557276, 176.1]]], [[[201040, 557278, 176.27219557729853], [201042, 557278, 175.9], [201042, 557280, 176.2], [201040, 557278, 176.27219557729853]]], [[[201040, 557278, 176.27219557729853], [201042, 557280, 176.2], [201040, 557280, 176.5396985810378], [201040, 557278, 176.27219557729853]]], [[[201040, 557280, 176.5396985810378], [201042, 557280, 176.2], [201042, 557282, 176.4], [201040, 557280, 176.5396985810378]]], [[[201040, 557280, 176.5396985810378], [201042, 557282, 176.4], [201040, 557282, 176.8], [201040, 557280, 176.5396985810378]]], [[[201040, 557282, 176.8], [201042, 557282, 176.4], [201042, 557284, 176.6], [201040, 557282, 176.8]]], [[[201040, 557282, 176.8], [201042, 557284, 176.6], [201040, 557284, 177.0], [201040, 557282, 176.8]]], [[[201042, 557244, 172.3], [201044, 557244, 171.9], [201044, 557246, 172.2], [201042, 557244, 172.3]]], [[[201042, 557244, 172.3], [201044, 557246, 172.2], [201042, 557246, 172.5], [201042, 557244, 172.3]]], [[[201042, 557246, 172.5], [201044, 557246, 172.2], [201044, 557248, 172.4], [201042, 557246, 172.5]]], [[[201042, 557246, 172.5], [201044, 557248, 172.4], [201042, 557248, 172.7], [201042, 557246, 172.5]]], [[[201042, 557248, 172.7], [201044, 557248, 172.4], [201044, 557250, 172.55], [201042, 557248, 172.7]]], [[[201042, 557248, 172.7], [201044, 557250, 172.55], [201042, 557250, 172.9], [201042, 557248, 172.7]]], [[[201042, 557250, 172.9], [201044, 557250, 172.55], [201044, 557252, 172.8], [201042, 557250, 172.9]]], [[[201042, 557250, 172.9], [201044, 557252, 172.8], [201042, 557252, 173.1437778004235], [201042, 557250, 172.9]]], [[[201042, 557252, 173.1437778004235], [201044, 557252, 172.8], [201044, 557254, 173.01637609276378], [201042, 557252, 173.1437778004235]]], [[[201042, 557252, 173.1437778004235], [201044, 557254, 173.01637609276378], [201042, 557254, 173.4], [201042, 557252, 173.1437778004235]]], [[[201042, 557254, 173.4], [201044, 557254, 173.01637609276378], [201044, 557256, 173.17117950808324], [201042, 557254, 173.4]]], [[[201042, 557254, 173.4], [201044, 557256, 173.17117950808324], [201042, 557256, 173.5], [201042, 557254, 173.4]]], [[[201042, 557256, 173.5], [201044, 557256, 173.17117950808324], [201044, 557258, 173.4], [201042, 557256, 173.5]]], [[[201042, 557256, 173.5], [201044, 557258, 173.4], [201042, 557258, 173.7562221995765], [201042, 557256, 173.5]]], [[[201042, 557258, 173.7562221995765], [201044, 557258, 173.4], [201044, 557260, 173.6], [201042, 557258, 173.7562221995765]]], [[[201042, 557258, 173.7562221995765], [201044, 557260, 173.6], [201042, 557260, 173.9562221995765], [201042, 557258, 173.7562221995765]]], [[[201042, 557260, 173.9562221995765], [201044, 557260, 173.6], [201044, 557262, 173.82882049191676], [201042, 557260, 173.9562221995765]]], [[[201042, 557260, 173.9562221995765], [201044, 557262, 173.82882049191676], [201042, 557262, 174.14999999999998], [201042, 557260, 173.9562221995765]]], [[[201042, 557262, 174.14999999999998], [201044, 557262, 173.82882049191676], [201044, 557264, 174.05], [201042, 557262, 174.14999999999998]]], [[[201042, 557262, 174.14999999999998], [201044, 557264, 174.05], [201042, 557264, 174.37117950808323], [201042, 557262, 174.14999999999998]]], [[[201042, 557264, 174.37117950808323], [201044, 557264, 174.05], [201044, 557266, 174.2437778004235], [201042, 557264, 174.37117950808323]]], [[[201042, 557264, 174.37117950808323], [201044, 557266, 174.2437778004235], [201042, 557266, 174.6], [201042, 557264, 174.37117950808323]]], [[[201042, 557266, 174.6], [201044, 557266, 174.2437778004235], [201044, 557268, 174.4437778004235], [201042, 557266, 174.6]]], [[[201042, 557266, 174.6], [201044, 557268, 174.4437778004235], [201042, 557268, 174.8], [201042, 557266, 174.6]]], [[[201042, 557268, 174.8], [201044, 557268, 174.4437778004235], [201044, 557270, 174.7], [201042, 557268, 174.8]]], [[[201042, 557268, 174.8], [201044, 557270, 174.7], [201042, 557270, 175.0562221995765], [201042, 557268, 174.8]]], [[[201042, 557270, 175.0562221995765], [201044, 557270, 174.7], [201044, 557272, 174.9], [201042, 557270, 175.0562221995765]]], [[[201042, 557270, 175.0562221995765], [201044, 557272, 174.9], [201042, 557272, 175.2562221995765], [201042, 557270, 175.0562221995765]]], [[[201042, 557272, 175.2562221995765], [201044, 557272, 174.9], [201044, 557274, 175.08362390723622], [201042, 557272, 175.2562221995765]]], [[[201042, 557272, 175.2562221995765], [201044, 557274, 175.08362390723622], [201042, 557274, 175.5], [201042, 557272, 175.2562221995765]]], [[[201042, 557274, 175.5], [201044, 557274, 175.08362390723622], [201044, 557276, 175.3], [201042, 557274, 175.5]]], [[[201042, 557274, 175.5], [201044, 557276, 175.3], [201042, 557276, 175.71637609276377], [201042, 557274, 175.5]]], [[[201042, 557276, 175.71637609276377], [201044, 557276, 175.3], [201044, 557278, 175.6], [201042, 557276, 175.71637609276377]]], [[[201042, 557276, 175.71637609276377], [201044, 557278, 175.6], [201042, 557278, 175.9], [201042, 557276, 175.71637609276377]]], [[[201042, 557278, 175.9], [201044, 557278, 175.6], [201044, 557280, 175.8], [201042, 557278, 175.9]]], [[[201042, 557278, 175.9], [201044, 557280, 175.8], [201042, 557280, 176.2], [201042, 557278, 175.9]]], [[[201042, 557280, 176.2], [201044, 557280, 175.8], [201044, 557282, 176.0], [201042, 557280, 176.2]]], [[[201042, 557280, 176.2], [201044, 557282, 176.0], [201042, 557282, 176.4], [201042, 557280, 176.2]]], [[[201044, 557244, 171.9], [201046, 557244, 171.6], [201046, 557246, 171.8], [201044, 557244, 171.9]]], [[[201044, 557244, 171.9], [201046, 557246, 171.8], [201044, 557246, 172.2], [201044, 557244, 171.9]]], [[[201044, 557246, 172.2], [201046, 557246, 171.8], [201046, 557248, 172.0], [201044, 557246, 172.2]]], [[[201044, 557246, 172.2], [201046, 557248, 172.0], [201044, 557248, 172.4], [201044, 557246, 172.2]]], [[[201044, 557248, 172.4], [201046, 557248, 172.0], [201046, 557250, 172.2], [201044, 557248, 172.4]]], [[[201044, 557248, 172.4], [201046, 557250, 172.2], [201044, 557250, 172.55], [201044, 557248, 172.4]]], [[[201044, 557250, 172.55], [201046, 557250, 172.2], [201046, 557252, 172.38362390723623], [201044, 557250, 172.55]]], [[[201044, 557250, 172.55], [201046, 557252, 172.38362390723623], [201044, 557252, 172.8], [201044, 557250, 172.55]]], [[[201044, 557252, 172.8], [201046, 557252, 172.38362390723623], [201046, 557254, 172.62882049191677], [201044, 557252, 172.8]]], [[[201044, 557252, 172.8], [201046, 557254, 172.62882049191677], [201044, 557254, 173.01637609276378], [201044, 557252, 172.8]]], [[[201044, 557254, 173.01637609276378], [201046, 557254, 172.62882049191677], [201046, 557256, 172.85000000000002], [201044, 557254, 173.01637609276378]]], [[[201044, 557254, 173.01637609276378], [201046, 557256, 172.85000000000002], [201044, 557256, 173.17117950808324], [201044, 557254, 173.01637609276378]]], [[[201044, 557256, 173.17117950808324], [201046, 557256, 172.85000000000002], [201046, 557258, 173.0437778004235], [201044, 557256, 173.17117950808324]]], [[[201044, 557256, 173.17117950808324], [201046, 557258, 173.0437778004235], [201044, 557258, 173.4], [201044, 557256, 173.17117950808324]]], [[[201044, 557258, 173.4], [201046, 557258, 173.0437778004235], [201046, 557260, 173.2], [201044, 557258, 173.4]]], [[[201044, 557258, 173.4], [201046, 557260, 173.2], [201044, 557260, 173.6], [201044, 557258, 173.4]]], [[[201044, 557260, 173.6], [201046, 557260, 173.2], [201046, 557262, 173.5], [201044, 557260, 173.6]]], [[[201044, 557260, 173.6], [201046, 557262, 173.5], [201044, 557262, 173.82882049191676], [201044, 557260, 173.6]]], [[[201044, 557262, 173.82882049191676], [201046, 557262, 173.5], [201046, 557264, 173.65622219957652], [201044, 557262, 173.82882049191676]]], [[[201044, 557262, 173.82882049191676], [201046, 557264, 173.65622219957652], [201044, 557264, 174.05], [201044, 557262, 173.82882049191676]]], [[[201044, 557264, 174.05], [201046, 557264, 173.65622219957652], [201046, 557266, 173.8562221995765], [201044, 557264, 174.05]]], [[[201044, 557264, 174.05], [201046, 557266, 173.8562221995765], [201044, 557266, 174.2437778004235], [201044, 557264, 174.05]]], [[[201044, 557266, 174.2437778004235], [201046, 557266, 173.8562221995765], [201046, 557268, 174.1], [201044, 557266, 174.2437778004235]]], [[[201044, 557266, 174.2437778004235], [201046, 557268, 174.1], [201044, 557268, 174.4437778004235], [201044, 557266, 174.2437778004235]]], [[[201044, 557268, 174.4437778004235], [201046, 557268, 174.1], [201046, 557270, 174.34377780042348], [201044, 557268, 174.4437778004235]]], [[[201044, 557268, 174.4437778004235], [201046, 557270, 174.34377780042348], [201044, 557270, 174.7], [201044, 557268, 174.4437778004235]]], [[[201044, 557270, 174.7], [201046, 557270, 174.34377780042348], [201046, 557272, 174.5], [201044, 557270, 174.7]]], [[[201044, 557270, 174.7], [201046, 557272, 174.5], [201044, 557272, 174.9], [201044, 557270, 174.7]]], [[[201044, 557272, 174.9], [201046, 557272, 174.5], [201046, 557274, 174.7], [201044, 557272, 174.9]]], [[[201044, 557272, 174.9], [201046, 557274, 174.7], [201044, 557274, 175.08362390723622], [201044, 557272, 174.9]]], [[[201044, 557274, 175.08362390723622], [201046, 557274, 174.7], [201046, 557276, 174.97744286781978], [201044, 557274, 175.08362390723622]]], [[[201044, 557274, 175.08362390723622], [201046, 557276, 174.97744286781978], [201044, 557276, 175.3], [201044, 557274, 175.08362390723622]]], [[[201044, 557276, 175.3], [201046, 557276, 174.97744286781978], [201046, 557278, 175.2], [201044, 557276, 175.3]]], [[[201044, 557276, 175.3], [201046, 557278, 175.2], [201044, 557278, 175.6], [201044, 557276, 175.3]]], [[[201044, 557278, 175.6], [201046, 557278, 175.2], [201046, 557280, 175.4], [201044, 557278, 175.6]]], [[[201044, 557278, 175.6], [201046, 557280, 175.4], [201044, 557280, 175.8], [201044, 557278, 175.6]]], [[[201044, 557280, 175.8], [201046, 557280, 175.4], [201046, 557282, 175.7], [201044, 557280, 175.8]]], [[[201044, 557280, 175.8], [201046, 557282, 175.7], [201044, 557282, 176.0], [201044, 557280, 175.8]]], [[[201046, 557242, 171.4], [201048, 557242, 171.0], [201048, 557244, 171.2], [201046, 557242, 171.4]]], [[[201046, 557242, 171.4], [201048, 557244, 171.2], [201046, 557244, 171.6], [201046, 557242, 171.4]]], [[[201046, 557244, 171.6], [201048, 557244, 171.2], [201048, 557246, 171.4], [201046, 557244, 171.6]]], [[[201046, 557244, 171.6], [201048, 557246, 171.4], [201046, 557246, 171.8], [201046, 557244, 171.6]]], [[[201046, 557246, 171.8], [201048, 557246, 171.4], [201048, 557248, 171.61637609276377], [201046, 557246, 171.8]]], [[[201046, 557246, 171.8], [201048, 557248, 171.61637609276377], [201046, 557248, 172.0], [201046, 557246, 171.8]]], [[[201046, 557248, 172.0], [201048, 557248, 171.61637609276377], [201048, 557250, 171.84377780042348], [201046, 557248, 172.0]]], [[[201046, 557248, 172.0], [201048, 557250, 171.84377780042348], [201046, 557250, 172.2], [201046, 557248, 172.0]]], [[[201046, 557250, 172.2], [201048, 557250, 171.84377780042348], [201048, 557252, 172.0], [201046, 557250, 172.2]]], [[[201046, 557250, 172.2], [201048, 557252, 172.0], [201046, 557252, 172.38362390723623], [201046, 557250, 172.2]]], [[[201046, 557252, 172.38362390723623], [201048, 557252, 172.0], [201048, 557254, 172.3], [201046, 557252, 172.38362390723623]]], [[[201046, 557252, 172.38362390723623], [201048, 557254, 172.3], [201046, 557254, 172.62882049191677], [201046, 557252, 172.38362390723623]]], [[[201046, 557254, 172.62882049191677], [201048, 557254, 172.3], [201048, 557256, 172.4562221995765], [201046, 557254, 172.62882049191677]]], [[[201046, 557254, 172.62882049191677], [201048, 557256, 172.4562221995765], [201046, 557256, 172.85000000000002], [201046, 557254, 172.62882049191677]]], [[[201046, 557256, 172.85000000000002], [201048, 557256, 172.4562221995765], [201048, 557258, 172.64999999999998], [201046, 557256, 172.85000000000002]]], [[[201046, 557256, 172.85000000000002], [201048, 557258, 172.64999999999998], [201046, 557258, 173.0437778004235], [201046, 557256, 172.85000000000002]]], [[[201046, 557258, 173.0437778004235], [201048, 557258, 172.64999999999998], [201048, 557260, 172.84377780042348], [201046, 557258, 173.0437778004235]]], [[[201046, 557258, 173.0437778004235], [201048, 557260, 172.84377780042348], [201046, 557260, 173.2], [201046, 557258, 173.0437778004235]]], [[[201046, 557260, 173.2], [201048, 557260, 172.84377780042348], [201048, 557262, 173.11637609276377], [201046, 557260, 173.2]]], [[[201046, 557260, 173.2], [201048, 557262, 173.11637609276377], [201046, 557262, 173.5], [201046, 557260, 173.2]]], [[[201046, 557262, 173.5], [201048, 557262, 173.11637609276377], [201048, 557264, 173.3], [201046, 557262, 173.5]]], [[[201046, 557262, 173.5], [201048, 557264, 173.3], [201046, 557264, 173.65622219957652], [201046, 557262, 173.5]]], [[[201046, 557264, 173.65622219957652], [201048, 557264, 173.3], [201048, 557266, 173.5], [201046, 557264, 173.65622219957652]]], [[[201046, 557264, 173.65622219957652], [201048, 557266, 173.5], [201046, 557266, 173.8562221995765], [201046, 557264, 173.65622219957652]]], [[[201046, 557266, 173.8562221995765], [201048, 557266, 173.5], [201048, 557268, 173.7562221995765], [201046, 557266, 173.8562221995765]]], [[[201046, 557266, 173.8562221995765], [201048, 557268, 173.7562221995765], [201046, 557268, 174.1], [201046, 557266, 173.8562221995765]]], [[[201046, 557268, 174.1], [201048, 557268, 173.7562221995765], [201048, 557270, 173.95], [201046, 557268, 174.1]]], [[[201046, 557268, 174.1], [201048, 557270, 173.95], [201046, 557270, 174.34377780042348], [201046, 557268, 174.1]]], [[[201046, 557270, 174.34377780042348], [201048, 557270, 173.95], [201048, 557272, 174.1437778004235], [201046, 557270, 174.34377780042348]]], [[[201046, 557270, 174.34377780042348], [201048, 557272, 174.1437778004235], [201046, 557272, 174.5], [201046, 557270, 174.34377780042348]]], [[[201046, 557272, 174.5], [201048, 557272, 174.1437778004235], [201048, 557274, 174.35], [201046, 557272, 174.5]]], [[[201046, 557272, 174.5], [201048, 557274, 174.35], [201046, 557274, 174.7], [201046, 557272, 174.5]]], [[[201046, 557274, 174.7], [201048, 557274, 174.35], [201048, 557276, 174.6], [201046, 557274, 174.7]]], [[[201046, 557274, 174.7], [201048, 557276, 174.6], [201046, 557276, 174.97744286781978], [201046, 557274, 174.7]]], [[[201046, 557276, 174.97744286781978], [201048, 557276, 174.6], [201048, 557278, 174.8], [201046, 557276, 174.97744286781978]]], [[[201046, 557276, 174.97744286781978], [201048, 557278, 174.8], [201046, 557278, 175.2], [201046, 557276, 174.97744286781978]]], [[[201046, 557278, 175.2], [201048, 557278, 174.8], [201048, 557280, 175.0], [201046, 557278, 175.2]]], [[[201046, 557278, 175.2], [201048, 557280, 175.0], [201046, 557280, 175.4], [201046, 557278, 175.2]]], [[[201046, 557280, 175.4], [201048, 557280, 175.0], [201048, 557282, 175.3], [201046, 557280, 175.4]]], [[[201046, 557280, 175.4], [201048, 557282, 175.3], [201046, 557282, 175.7], [201046, 557280, 175.4]]], [[[201048, 557242, 171.0], [201050, 557242, 170.6], [201050, 557244, 170.8], [201048, 557242, 171.0]]], [[[201048, 557242, 171.0], [201050, 557244, 170.8], [201048, 557244, 171.2], [201048, 557242, 171.0]]], [[[201048, 557244, 171.2], [201050, 557244, 170.8], [201050, 557246, 171.0], [201048, 557244, 171.2]]], [[[201048, 557244, 171.2], [201050, 557246, 171.0], [201048, 557246, 171.4], [201048, 557244, 171.2]]], [[[201048, 557246, 171.4], [201050, 557246, 171.0], [201050, 557248, 171.2562221995765], [201048, 557246, 171.4]]], [[[201048, 557246, 171.4], [201050, 557248, 171.2562221995765], [201048, 557248, 171.61637609276377], [201048, 557246, 171.4]]], [[[201048, 557248, 171.61637609276377], [201050, 557248, 171.2562221995765], [201050, 557250, 171.45], [201048, 557248, 171.61637609276377]]], [[[201048, 557248, 171.61637609276377], [201050, 557250, 171.45], [201048, 557250, 171.84377780042348], [201048, 557248, 171.61637609276377]]], [[[201048, 557250, 171.84377780042348], [201050, 557250, 171.45], [201050, 557252, 171.6437778004235], [201048, 557250, 171.84377780042348]]], [[[201048, 557250, 171.84377780042348], [201050, 557252, 171.6437778004235], [201048, 557252, 172.0], [201048, 557250, 171.84377780042348]]], [[[201048, 557252, 172.0], [201050, 557252, 171.6437778004235], [201050, 557254, 171.92780442270148], [201048, 557252, 172.0]]], [[[201048, 557252, 172.0], [201050, 557254, 171.92780442270148], [201048, 557254, 172.3], [201048, 557252, 172.0]]], [[[201048, 557254, 172.3], [201050, 557254, 171.92780442270148], [201050, 557256, 172.1], [201048, 557254, 172.3]]], [[[201048, 557254, 172.3], [201050, 557256, 172.1], [201048, 557256, 172.4562221995765], [201048, 557254, 172.3]]], [[[201048, 557256, 172.4562221995765], [201050, 557256, 172.1], [201050, 557258, 172.2562221995765], [201048, 557256, 172.4562221995765]]], [[[201048, 557256, 172.4562221995765], [201050, 557258, 172.2562221995765], [201048, 557258, 172.64999999999998], [201048, 557256, 172.4562221995765]]], [[[201048, 557258, 172.64999999999998], [201050, 557258, 172.2562221995765], [201050, 557260, 172.48362390723622], [201048, 557258, 172.64999999999998]]], [[[201048, 557258, 172.64999999999998], [201050, 557260, 172.48362390723622], [201048, 557260, 172.84377780042348], [201048, 557258, 172.64999999999998]]], [[[201048, 557260, 172.84377780042348], [201050, 557260, 172.48362390723622], [201050, 557262, 172.7], [201048, 557260, 172.84377780042348]]], [[[201048, 557260, 172.84377780042348], [201050, 557262, 172.7], [201048, 557262, 173.11637609276377], [201048, 557260, 172.84377780042348]]], [[[201048, 557262, 173.11637609276377], [201050, 557262, 172.7], [201050, 557264, 172.9437778004235], [201048, 557262, 173.11637609276377]]], [[[201048, 557262, 173.11637609276377], [201050, 557264, 172.9437778004235], [201048, 557264, 173.3], [201048, 557262, 173.11637609276377]]], [[[201048, 557264, 173.3], [201050, 557264, 172.9437778004235], [201050, 557266, 173.15106664628263], [201048, 557264, 173.3]]], [[[201048, 557264, 173.3], [201050, 557266, 173.15106664628263], [201048, 557266, 173.5], [201048, 557264, 173.3]]], [[[201048, 557266, 173.5], [201050, 557266, 173.15106664628263], [201050, 557268, 173.4], [201048, 557266, 173.5]]], [[[201048, 557266, 173.5], [201050, 557268, 173.4], [201048, 557268, 173.7562221995765], [201048, 557266, 173.5]]], [[[201048, 557268, 173.7562221995765], [201050, 557268, 173.4], [201050, 557270, 173.5562221995765], [201048, 557268, 173.7562221995765]]], [[[201048, 557268, 173.7562221995765], [201050, 557270, 173.5562221995765], [201048, 557270, 173.95], [201048, 557268, 173.7562221995765]]], [[[201048, 557270, 173.95], [201050, 557270, 173.5562221995765], [201050, 557272, 173.7562221995765], [201048, 557270, 173.95]]], [[[201048, 557270, 173.95], [201050, 557272, 173.7562221995765], [201048, 557272, 174.1437778004235], [201048, 557270, 173.95]]], [[[201048, 557272, 174.1437778004235], [201050, 557272, 173.7562221995765], [201050, 557274, 174.0], [201048, 557272, 174.1437778004235]]], [[[201048, 557272, 174.1437778004235], [201050, 557274, 174.0], [201048, 557274, 174.35], [201048, 557272, 174.1437778004235]]], [[[201048, 557274, 174.35], [201050, 557274, 174.0], [201050, 557276, 174.2], [201048, 557274, 174.35]]], [[[201048, 557274, 174.35], [201050, 557276, 174.2], [201048, 557276, 174.6], [201048, 557274, 174.35]]], [[[201048, 557276, 174.6], [201050, 557276, 174.2], [201050, 557278, 174.4], [201048, 557276, 174.6]]], [[[201048, 557276, 174.6], [201050, 557278, 174.4], [201048, 557278, 174.8], [201048, 557276, 174.6]]], [[[201048, 557278, 174.8], [201050, 557278, 174.4], [201050, 557280, 174.7], [201048, 557278, 174.8]]], [[[201048, 557278, 174.8], [201050, 557280, 174.7], [201048, 557280, 175.0], [201048, 557278, 174.8]]], [[[201050, 557240, 170.37744286781978], [201052, 557240, 170.0], [201052, 557242, 170.2], [201050, 557240, 170.37744286781978]]], [[[201050, 557240, 170.37744286781978], [201052, 557242, 170.2], [201050, 557242, 170.6], [201050, 557240, 170.37744286781978]]], [[[201050, 557242, 170.6], [201052, 557242, 170.2], [201052, 557244, 170.4], [201050, 557242, 170.6]]], [[[201050, 557242, 170.6], [201052, 557244, 170.4], [201050, 557244, 170.8], [201050, 557242, 170.6]]], [[[201050, 557244, 170.8], [201052, 557244, 170.4], [201052, 557246, 170.6], [201050, 557244, 170.8]]], [[[201050, 557244, 170.8], [201052, 557246, 170.6], [201050, 557246, 171.0], [201050, 557244, 170.8]]], [[[201050, 557246, 171.0], [201052, 557246, 170.6], [201052, 557248, 170.9], [201050, 557246, 171.0]]], [[[201050, 557246, 171.0], [201052, 557248, 170.9], [201050, 557248, 171.2562221995765], [201050, 557246, 171.0]]], [[[201050, 557248, 171.2562221995765], [201052, 557248, 170.9], [201052, 557250, 171.0562221995765], [201050, 557248, 171.2562221995765]]], [[[201050, 557248, 171.2562221995765], [201052, 557250, 171.0562221995765], [201050, 557250, 171.45], [201050, 557248, 171.2562221995765]]], [[[201050, 557250, 171.45], [201052, 557250, 171.0562221995765], [201052, 557252, 171.31390221135072], [201050, 557250, 171.45]]], [[[201050, 557250, 171.45], [201052, 557252, 171.31390221135072], [201050, 557252, 171.6437778004235], [201050, 557250, 171.45]]], [[[201050, 557252, 171.6437778004235], [201052, 557252, 171.31390221135072], [201052, 557254, 171.48609778864926], [201050, 557252, 171.6437778004235]]], [[[201050, 557252, 171.6437778004235], [201052, 557254, 171.48609778864926], [201050, 557254, 171.92780442270148], [201050, 557252, 171.6437778004235]]], [[[201050, 557254, 171.92780442270148], [201052, 557254, 171.48609778864926], [201052, 557256, 171.71637609276377], [201050, 557254, 171.92780442270148]]], [[[201050, 557254, 171.92780442270148], [201052, 557256, 171.71637609276377], [201050, 557256, 172.1], [201050, 557254, 171.92780442270148]]], [[[201050, 557256, 172.1], [201052, 557256, 171.71637609276377], [201052, 557258, 171.9], [201050, 557256, 172.1]]], [[[201050, 557256, 172.1], [201052, 557258, 171.9], [201050, 557258, 172.2562221995765], [201050, 557256, 172.1]]], [[[201050, 557258, 172.2562221995765], [201052, 557258, 171.9], [201052, 557260, 172.1], [201050, 557258, 172.2562221995765]]], [[[201050, 557258, 172.2562221995765], [201052, 557260, 172.1], [201050, 557260, 172.48362390723622], [201050, 557258, 172.2562221995765]]], [[[201050, 557260, 172.48362390723622], [201052, 557260, 172.1], [201052, 557262, 172.3562221995765], [201050, 557260, 172.48362390723622]]], [[[201050, 557260, 172.48362390723622], [201052, 557262, 172.3562221995765], [201050, 557262, 172.7], [201050, 557260, 172.48362390723622]]], [[[201050, 557262, 172.7], [201052, 557262, 172.3562221995765], [201052, 557264, 172.57553332314131], [201050, 557262, 172.7]]], [[[201050, 557262, 172.7], [201052, 557264, 172.57553332314131], [201050, 557264, 172.9437778004235], [201050, 557262, 172.7]]], [[[201050, 557264, 172.9437778004235], [201052, 557264, 172.57553332314131], [201052, 557266, 172.78609778864927], [201050, 557264, 172.9437778004235]]], [[[201050, 557264, 172.9437778004235], [201052, 557266, 172.78609778864927], [201050, 557266, 173.15106664628263], [201050, 557264, 172.9437778004235]]], [[[201050, 557266, 173.15106664628263], [201052, 557266, 172.78609778864927], [201052, 557268, 173.01637609276378], [201050, 557266, 173.15106664628263]]], [[[201050, 557266, 173.15106664628263], [201052, 557268, 173.01637609276378], [201050, 557268, 173.4], [201050, 557266, 173.15106664628263]]], [[[201050, 557268, 173.4], [201052, 557268, 173.01637609276378], [201052, 557270, 173.2], [201050, 557268, 173.4]]], [[[201050, 557268, 173.4], [201052, 557270, 173.2], [201050, 557270, 173.5562221995765], [201050, 557268, 173.4]]], [[[201050, 557270, 173.5562221995765], [201052, 557270, 173.2], [201052, 557272, 173.4], [201050, 557270, 173.5562221995765]]], [[[201050, 557270, 173.5562221995765], [201052, 557272, 173.4], [201050, 557272, 173.7562221995765], [201050, 557270, 173.5562221995765]]], [[[201050, 557272, 173.7562221995765], [201052, 557272, 173.4], [201052, 557274, 173.6], [201050, 557272, 173.7562221995765]]], [[[201050, 557272, 173.7562221995765], [201052, 557274, 173.6], [201050, 557274, 174.0], [201050, 557272, 173.7562221995765]]], [[[201050, 557274, 174.0], [201052, 557274, 173.6], [201052, 557276, 173.9], [201050, 557274, 174.0]]], [[[201050, 557274, 174.0], [201052, 557276, 173.9], [201050, 557276, 174.2], [201050, 557274, 174.0]]], [[[201050, 557276, 174.2], [201052, 557276, 173.9], [201052, 557278, 174.1], [201050, 557276, 174.2]]], [[[201050, 557276, 174.2], [201052, 557278, 174.1], [201050, 557278, 174.4], [201050, 557276, 174.2]]], [[[201050, 557278, 174.4], [201052, 557278, 174.1], [201052, 557280, 174.3], [201050, 557278, 174.4]]], [[[201050, 557278, 174.4], [201052, 557280, 174.3], [201050, 557280, 174.7], [201050, 557278, 174.4]]], [[[201052, 557240, 170.0], [201054, 557240, 169.6], [201054, 557242, 169.8], [201052, 557240, 170.0]]], [[[201052, 557240, 170.0], [201054, 557242, 169.8], [201052, 557242, 170.2], [201052, 557240, 170.0]]], [[[201052, 557242, 170.2], [201054, 557242, 169.8], [201054, 557244, 170.02255713218022], [201052, 557242, 170.2]]], [[[201052, 557242, 170.2], [201054, 557244, 170.02255713218022], [201052, 557244, 170.4], [201052, 557242, 170.2]]], [[[201052, 557244, 170.4], [201054, 557244, 170.02255713218022], [201054, 557246, 170.2437778004235], [201052, 557244, 170.4]]], [[[201052, 557244, 170.4], [201054, 557246, 170.2437778004235], [201052, 557246, 170.6], [201052, 557244, 170.4]]], [[[201052, 557246, 170.6], [201054, 557246, 170.2437778004235], [201054, 557248, 170.52780442270148], [201052, 557246, 170.6]]], [[[201052, 557246, 170.6], [201054, 557248, 170.52780442270148], [201052, 557248, 170.9], [201052, 557246, 170.6]]], [[[201052, 557248, 170.9], [201054, 557248, 170.52780442270148], [201054, 557250, 170.7], [201052, 557248, 170.9]]], [[[201052, 557248, 170.9], [201054, 557250, 170.7], [201052, 557250, 171.0562221995765], [201052, 557248, 170.9]]], [[[201052, 557250, 171.0562221995765], [201054, 557250, 170.7], [201054, 557252, 170.87219557729853], [201052, 557250, 171.0562221995765]]], [[[201052, 557250, 171.0562221995765], [201054, 557252, 170.87219557729853], [201052, 557252, 171.31390221135072], [201052, 557250, 171.0562221995765]]], [[[201052, 557252, 171.31390221135072], [201054, 557252, 170.87219557729853], [201054, 557254, 171.08362390723622], [201052, 557252, 171.31390221135072]]], [[[201052, 557252, 171.31390221135072], [201054, 557254, 171.08362390723622], [201052, 557254, 171.48609778864926], [201052, 557252, 171.31390221135072]]], [[[201052, 557254, 171.48609778864926], [201054, 557254, 171.08362390723622], [201054, 557256, 171.3], [201052, 557254, 171.48609778864926]]], [[[201052, 557254, 171.48609778864926], [201054, 557256, 171.3], [201052, 557256, 171.71637609276377], [201052, 557254, 171.48609778864926]]], [[[201052, 557256, 171.71637609276377], [201054, 557256, 171.3], [201054, 557258, 171.5437778004235], [201052, 557256, 171.71637609276377]]], [[[201052, 557256, 171.71637609276377], [201054, 557258, 171.5437778004235], [201052, 557258, 171.9], [201052, 557256, 171.71637609276377]]], [[[201052, 557258, 171.9], [201054, 557258, 171.5437778004235], [201054, 557260, 171.7437778004235], [201052, 557258, 171.9]]], [[[201052, 557258, 171.9], [201054, 557260, 171.7437778004235], [201052, 557260, 172.1], [201052, 557258, 171.9]]], [[[201052, 557260, 172.1], [201054, 557260, 171.7437778004235], [201054, 557262, 172.0], [201052, 557260, 172.1]]], [[[201052, 557260, 172.1], [201054, 557262, 172.0], [201052, 557262, 172.3562221995765], [201052, 557260, 172.1]]], [[[201052, 557262, 172.3562221995765], [201054, 557262, 172.0], [201054, 557264, 172.17219557729854], [201052, 557262, 172.3562221995765]]], [[[201052, 557262, 172.3562221995765], [201054, 557264, 172.17219557729854], [201052, 557264, 172.57553332314131], [201052, 557262, 172.3562221995765]]], [[[201052, 557264, 172.57553332314131], [201054, 557264, 172.17219557729854], [201054, 557266, 172.38362390723623], [201052, 557264, 172.57553332314131]]], [[[201052, 557264, 172.57553332314131], [201054, 557266, 172.38362390723623], [201052, 557266, 172.78609778864927], [201052, 557264, 172.57553332314131]]], [[[201052, 557266, 172.78609778864927], [201054, 557266, 172.38362390723623], [201054, 557268, 172.6], [201052, 557266, 172.78609778864927]]], [[[201052, 557266, 172.78609778864927], [201054, 557268, 172.6], [201052, 557268, 173.01637609276378], [201052, 557266, 172.78609778864927]]], [[[201052, 557268, 173.01637609276378], [201054, 557268, 172.6], [201054, 557270, 172.84377780042348], [201052, 557268, 173.01637609276378]]], [[[201052, 557268, 173.01637609276378], [201054, 557270, 172.84377780042348], [201052, 557270, 173.2], [201052, 557268, 173.01637609276378]]], [[[201052, 557270, 173.2], [201054, 557270, 172.84377780042348], [201054, 557272, 173.0], [201052, 557270, 173.2]]], [[[201052, 557270, 173.2], [201054, 557272, 173.0], [201052, 557272, 173.4], [201052, 557270, 173.2]]], [[[201052, 557272, 173.4], [201054, 557272, 173.0], [201054, 557274, 173.3], [201052, 557272, 173.4]]], [[[201052, 557272, 173.4], [201054, 557274, 173.3], [201052, 557274, 173.6], [201052, 557272, 173.4]]], [[[201052, 557274, 173.6], [201054, 557274, 173.3], [201054, 557276, 173.5], [201052, 557274, 173.6]]], [[[201052, 557274, 173.6], [201054, 557276, 173.5], [201052, 557276, 173.9], [201052, 557274, 173.6]]], [[[201052, 557276, 173.9], [201054, 557276, 173.5], [201054, 557278, 173.7], [201052, 557276, 173.9]]], [[[201052, 557276, 173.9], [201054, 557278, 173.7], [201052, 557278, 174.1], [201052, 557276, 173.9]]], [[[201054, 557240, 169.6], [201056, 557242, 169.4], [201054, 557242, 169.8], [201054, 557240, 169.6]]], [[[201054, 557242, 169.8], [201056, 557242, 169.4], [201056, 557244, 169.65622219957652], [201054, 557242, 169.8]]], [[[201054, 557242, 169.8], [201056, 557244, 169.65622219957652], [201054, 557244, 170.02255713218022], [201054, 557242, 169.8]]], [[[201054, 557244, 170.02255713218022], [201056, 557244, 169.65622219957652], [201056, 557246, 169.91390221135075], [201054, 557244, 170.02255713218022]]], [[[201054, 557244, 170.02255713218022], [201056, 557246, 169.91390221135075], [201054, 557246, 170.2437778004235], [201054, 557244, 170.02255713218022]]], [[[201054, 557246, 170.2437778004235], [201056, 557246, 169.91390221135075], [201056, 557248, 170.08609778864925], [201054, 557246, 170.2437778004235]]], [[[201054, 557246, 170.2437778004235], [201056, 557248, 170.08609778864925], [201054, 557248, 170.52780442270148], [201054, 557246, 170.2437778004235]]], [[[201054, 557248, 170.52780442270148], [201056, 557248, 170.08609778864925], [201056, 557250, 170.31637609276376], [201054, 557248, 170.52780442270148]]], [[[201054, 557248, 170.52780442270148], [201056, 557250, 170.31637609276376], [201054, 557250, 170.7], [201054, 557248, 170.52780442270148]]], [[[201054, 557250, 170.7], [201056, 557250, 170.31637609276376], [201056, 557252, 170.5], [201054, 557250, 170.7]]], [[[201054, 557250, 170.7], [201056, 557252, 170.5], [201054, 557252, 170.87219557729853], [201054, 557250, 170.7]]], [[[201054, 557252, 170.87219557729853], [201056, 557252, 170.5], [201056, 557254, 170.7], [201054, 557252, 170.87219557729853]]], [[[201054, 557252, 170.87219557729853], [201056, 557254, 170.7], [201054, 557254, 171.08362390723622], [201054, 557252, 170.87219557729853]]], [[[201054, 557254, 171.08362390723622], [201056, 557254, 170.7], [201056, 557256, 170.9562221995765], [201054, 557254, 171.08362390723622]]], [[[201054, 557254, 171.08362390723622], [201056, 557256, 170.9562221995765], [201054, 557256, 171.3], [201054, 557254, 171.08362390723622]]], [[[201054, 557256, 171.3], [201056, 557256, 170.9562221995765], [201056, 557258, 171.15622219957652], [201054, 557256, 171.3]]], [[[201054, 557256, 171.3], [201056, 557258, 171.15622219957652], [201054, 557258, 171.5437778004235], [201054, 557256, 171.3]]], [[[201054, 557258, 171.5437778004235], [201056, 557258, 171.15622219957652], [201056, 557260, 171.4], [201054, 557258, 171.5437778004235]]], [[[201054, 557258, 171.5437778004235], [201056, 557260, 171.4], [201054, 557260, 171.7437778004235], [201054, 557258, 171.5437778004235]]], [[[201054, 557260, 171.7437778004235], [201056, 557260, 171.4], [201056, 557262, 171.61637609276377], [201054, 557260, 171.7437778004235]]], [[[201054, 557260, 171.7437778004235], [201056, 557262, 171.61637609276377], [201054, 557262, 172.0], [201054, 557260, 171.7437778004235]]], [[[201054, 557262, 172.0], [201056, 557262, 171.61637609276377], [201056, 557264, 171.8], [201054, 557262, 172.0]]], [[[201054, 557262, 172.0], [201056, 557264, 171.8], [201054, 557264, 172.17219557729854], [201054, 557262, 172.0]]], [[[201054, 557264, 172.17219557729854], [201056, 557264, 171.8], [201056, 557266, 172.0], [201054, 557264, 172.17219557729854]]], [[[201054, 557264, 172.17219557729854], [201056, 557266, 172.0], [201054, 557266, 172.38362390723623], [201054, 557264, 172.17219557729854]]], [[[201054, 557266, 172.38362390723623], [201056, 557266, 172.0], [201056, 557268, 172.2562221995765], [201054, 557266, 172.38362390723623]]], [[[201054, 557266, 172.38362390723623], [201056, 557268, 172.2562221995765], [201054, 557268, 172.6], [201054, 557266, 172.38362390723623]]], [[[201054, 557268, 172.6], [201056, 557268, 172.2562221995765], [201056, 557270, 172.43969858103782], [201054, 557268, 172.6]]], [[[201054, 557268, 172.6], [201056, 557270, 172.43969858103782], [201054, 557270, 172.84377780042348], [201054, 557268, 172.6]]], [[[201054, 557270, 172.84377780042348], [201056, 557270, 172.43969858103782], [201056, 557272, 172.7], [201054, 557270, 172.84377780042348]]], [[[201054, 557270, 172.84377780042348], [201056, 557272, 172.7], [201054, 557272, 173.0], [201054, 557270, 172.84377780042348]]], [[[201054, 557272, 173.0], [201056, 557272, 172.7], [201056, 557274, 172.9], [201054, 557272, 173.0]]], [[[201054, 557272, 173.0], [201056, 557274, 172.9], [201054, 557274, 173.3], [201054, 557272, 173.0]]], [[[201054, 557274, 173.3], [201056, 557274, 172.9], [201056, 557276, 173.1], [201054, 557274, 173.3]]], [[[201054, 557274, 173.3], [201056, 557276, 173.1], [201054, 557276, 173.5], [201054, 557274, 173.3]]], [[[201054, 557276, 173.5], [201056, 557276, 173.1], [201056, 557278, 173.3], [201054, 557276, 173.5]]], [[[201054, 557276, 173.5], [201056, 557278, 173.3], [201054, 557278, 173.7], [201054, 557276, 173.5]]], [[[201056, 557242, 169.4], [201058, 557242, 169.0], [201058, 557244, 169.3], [201056, 557242, 169.4]]], [[[201056, 557242, 169.4], [201058, 557244, 169.3], [201056, 557244, 169.65622219957652], [201056, 557242, 169.4]]], [[[201056, 557244, 169.65622219957652], [201058, 557244, 169.3], [201058, 557246, 169.47219557729852], [201056, 557244, 169.65622219957652]]], [[[201056, 557244, 169.65622219957652], [201058, 557246, 169.47219557729852], [201056, 557246, 169.91390221135075], [201056, 557244, 169.65622219957652]]], [[[201056, 557246, 169.91390221135075], [201058, 557246, 169.47219557729852], [201058, 557248, 169.68362390723624], [201056, 557246, 169.91390221135075]]], [[[201056, 557246, 169.91390221135075], [201058, 557248, 169.68362390723624], [201056, 557248, 170.08609778864925], [201056, 557246, 169.91390221135075]]], [[[201056, 557248, 170.08609778864925], [201058, 557248, 169.68362390723624], [201058, 557250, 169.9], [201056, 557248, 170.08609778864925]]], [[[201056, 557248, 170.08609778864925], [201058, 557250, 169.9], [201056, 557250, 170.31637609276376], [201056, 557248, 170.08609778864925]]], [[[201056, 557250, 170.31637609276376], [201058, 557250, 169.9], [201058, 557252, 170.11637609276377], [201056, 557250, 170.31637609276376]]], [[[201056, 557250, 170.31637609276376], [201058, 557252, 170.11637609276377], [201056, 557252, 170.5], [201056, 557250, 170.31637609276376]]], [[[201056, 557252, 170.5], [201058, 557252, 170.11637609276377], [201058, 557254, 170.34377780042348], [201056, 557252, 170.5]]], [[[201056, 557252, 170.5], [201058, 557254, 170.34377780042348], [201056, 557254, 170.7], [201056, 557252, 170.5]]], [[[201056, 557254, 170.7], [201058, 557254, 170.34377780042348], [201058, 557256, 170.6], [201056, 557254, 170.7]]], [[[201056, 557254, 170.7], [201058, 557256, 170.6], [201056, 557256, 170.9562221995765], [201056, 557254, 170.7]]], [[[201056, 557256, 170.9562221995765], [201058, 557256, 170.6], [201058, 557258, 170.8], [201056, 557256, 170.9562221995765]]], [[[201056, 557256, 170.9562221995765], [201058, 557258, 170.8], [201056, 557258, 171.15622219957652], [201056, 557256, 170.9562221995765]]], [[[201056, 557258, 171.15622219957652], [201058, 557258, 170.8], [201058, 557260, 170.98362390723622], [201056, 557258, 171.15622219957652]]], [[[201056, 557258, 171.15622219957652], [201058, 557260, 170.98362390723622], [201056, 557260, 171.4], [201056, 557258, 171.15622219957652]]], [[[201056, 557260, 171.4], [201058, 557260, 170.98362390723622], [201058, 557262, 171.2], [201056, 557260, 171.4]]], [[[201056, 557260, 171.4], [201058, 557262, 171.2], [201056, 557262, 171.61637609276377], [201056, 557260, 171.4]]], [[[201056, 557262, 171.61637609276377], [201058, 557262, 171.2], [201058, 557264, 171.4437778004235], [201056, 557262, 171.61637609276377]]], [[[201056, 557262, 171.61637609276377], [201058, 557264, 171.4437778004235], [201056, 557264, 171.8], [201056, 557262, 171.61637609276377]]], [[[201056, 557264, 171.8], [201058, 557264, 171.4437778004235], [201058, 557266, 171.6437778004235], [201056, 557264, 171.8]]], [[[201056, 557264, 171.8], [201058, 557266, 171.6437778004235], [201056, 557266, 172.0], [201056, 557264, 171.8]]], [[[201056, 557266, 172.0], [201058, 557266, 171.6437778004235], [201058, 557268, 171.9], [201056, 557266, 172.0]]], [[[201056, 557266, 172.0], [201058, 557268, 171.9], [201056, 557268, 172.2562221995765], [201056, 557266, 172.0]]], [[[201056, 557268, 172.2562221995765], [201058, 557268, 171.9], [201058, 557270, 172.1], [201056, 557268, 172.2562221995765]]], [[[201056, 557268, 172.2562221995765], [201058, 557270, 172.1], [201056, 557270, 172.43969858103782], [201056, 557268, 172.2562221995765]]], [[[201056, 557270, 172.43969858103782], [201058, 557270, 172.1], [201058, 557272, 172.3], [201056, 557270, 172.43969858103782]]], [[[201056, 557270, 172.43969858103782], [201058, 557272, 172.3], [201056, 557272, 172.7], [201056, 557270, 172.43969858103782]]], [[[201056, 557272, 172.7], [201058, 557272, 172.3], [201058, 557274, 172.5], [201056, 557272, 172.7]]], [[[201056, 557272, 172.7], [201058, 557274, 172.5], [201056, 557274, 172.9], [201056, 557272, 172.7]]], [[[201056, 557274, 172.9], [201058, 557274, 172.5], [201058, 557276, 172.7], [201056, 557274, 172.9]]], [[[201056, 557274, 172.9], [201058, 557276, 172.7], [201056, 557276, 173.1], [201056, 557274, 172.9]]], [[[201058, 557240, 168.8], [201060, 557240, 168.4], [201060, 557242, 168.7], [201058, 557240, 168.8]]], [[[201058, 557240, 168.8], [201060, 557242, 168.7], [201058, 557242, 169.0], [201058, 557240, 168.8]]], [[[201058, 557242, 169.0], [201060, 557242, 168.7], [201060, 557244, 168.9], [201058, 557242, 169.0]]], [[[201058, 557242, 169.0], [201060, 557244, 168.9], [201058, 557244, 169.3], [201058, 557242, 169.0]]], [[[201058, 557244, 169.3], [201060, 557244, 168.9], [201060, 557246, 169.1], [201058, 557244, 169.3]]], [[[201058, 557244, 169.3], [201060, 557246, 169.1], [201058, 557246, 169.47219557729852], [201058, 557244, 169.3]]], [[[201058, 557246, 169.47219557729852], [201060, 557246, 169.1], [201060, 557248, 169.3], [201058, 557246, 169.47219557729852]]], [[[201058, 557246, 169.47219557729852], [201060, 557248, 169.3], [201058, 557248, 169.68362390723624], [201058, 557246, 169.47219557729852]]], [[[201058, 557248, 169.68362390723624], [201060, 557248, 169.3], [201060, 557250, 169.48362390723622], [201058, 557248, 169.68362390723624]]], [[[201058, 557248, 169.68362390723624], [201060, 557250, 169.48362390723622], [201058, 557250, 169.9], [201058, 557248, 169.68362390723624]]], [[[201058, 557250, 169.9], [201060, 557250, 169.48362390723622], [201060, 557252, 169.7562221995765], [201058, 557250, 169.9]]], [[[201058, 557250, 169.9], [201060, 557252, 169.7562221995765], [201058, 557252, 170.11637609276377], [201058, 557250, 169.9]]], [[[201058, 557252, 170.11637609276377], [201060, 557252, 169.7562221995765], [201060, 557254, 170.0], [201058, 557252, 170.11637609276377]]], [[[201058, 557252, 170.11637609276377], [201060, 557254, 170.0], [201058, 557254, 170.34377780042348], [201058, 557252, 170.11637609276377]]], [[[201058, 557254, 170.34377780042348], [201060, 557254, 170.0], [201060, 557256, 170.21637609276377], [201058, 557254, 170.34377780042348]]], [[[201058, 557254, 170.34377780042348], [201060, 557256, 170.21637609276377], [201058, 557256, 170.6], [201058, 557254, 170.34377780042348]]], [[[201058, 557256, 170.6], [201060, 557256, 170.21637609276377], [201060, 557258, 170.4], [201058, 557256, 170.6]]], [[[201058, 557256, 170.6], [201060, 557258, 170.4], [201058, 557258, 170.8], [201058, 557256, 170.6]]], [[[201058, 557258, 170.8], [201060, 557258, 170.4], [201060, 557260, 170.6], [201058, 557258, 170.8]]], [[[201058, 557258, 170.8], [201060, 557260, 170.6], [201058, 557260, 170.98362390723622], [201058, 557258, 170.8]]], [[[201058, 557260, 170.98362390723622], [201060, 557260, 170.6], [201060, 557262, 170.8562221995765], [201058, 557260, 170.98362390723622]]], [[[201058, 557260, 170.98362390723622], [201060, 557262, 170.8562221995765], [201058, 557262, 171.2], [201058, 557260, 170.98362390723622]]], [[[201058, 557262, 171.2], [201060, 557262, 170.8562221995765], [201060, 557264, 171.0562221995765], [201058, 557262, 171.2]]], [[[201058, 557262, 171.2], [201060, 557264, 171.0562221995765], [201058, 557264, 171.4437778004235], [201058, 557262, 171.2]]], [[[201058, 557264, 171.4437778004235], [201060, 557264, 171.0562221995765], [201060, 557266, 171.3], [201058, 557264, 171.4437778004235]]], [[[201058, 557264, 171.4437778004235], [201060, 557266, 171.3], [201058, 557266, 171.6437778004235], [201058, 557264, 171.4437778004235]]], [[[201058, 557266, 171.6437778004235], [201060, 557266, 171.3], [201060, 557268, 171.5], [201058, 557266, 171.6437778004235]]], [[[201058, 557266, 171.6437778004235], [201060, 557268, 171.5], [201058, 557268, 171.9], [201058, 557266, 171.6437778004235]]], [[[201058, 557268, 171.9], [201060, 557268, 171.5], [201060, 557270, 171.7], [201058, 557268, 171.9]]], [[[201058, 557268, 171.9], [201060, 557270, 171.7], [201058, 557270, 172.1], [201058, 557268, 171.9]]], [[[201058, 557270, 172.1], [201060, 557270, 171.7], [201060, 557272, 171.9], [201058, 557270, 172.1]]], [[[201058, 557270, 172.1], [201060, 557272, 171.9], [201058, 557272, 172.3], [201058, 557270, 172.1]]], [[[201058, 557272, 172.3], [201060, 557272, 171.9], [201060, 557274, 172.1], [201058, 557272, 172.3]]], [[[201058, 557272, 172.3], [201060, 557274, 172.1], [201058, 557274, 172.5], [201058, 557272, 172.3]]], [[[201060, 557240, 168.4], [201062, 557240, 168.0], [201062, 557242, 168.3], [201060, 557240, 168.4]]], [[[201060, 557240, 168.4], [201062, 557242, 168.3], [201060, 557242, 168.7], [201060, 557240, 168.4]]], [[[201060, 557242, 168.7], [201062, 557242, 168.3], [201062, 557244, 168.5], [201060, 557242, 168.7]]], [[[201060, 557242, 168.7], [201062, 557244, 168.5], [201060, 557244, 168.9], [201060, 557242, 168.7]]], [[[201060, 557244, 168.9], [201062, 557244, 168.5], [201062, 557246, 168.7], [201060, 557244, 168.9]]], [[[201060, 557244, 168.9], [201062, 557246, 168.7], [201060, 557246, 169.1], [201060, 557244, 168.9]]], [[[201060, 557246, 169.1], [201062, 557246, 168.7], [201062, 557248, 168.9], [201060, 557246, 169.1]]], [[[201060, 557246, 169.1], [201062, 557248, 168.9], [201060, 557248, 169.3], [201060, 557246, 169.1]]], [[[201060, 557248, 169.3], [201062, 557248, 168.9], [201062, 557250, 169.1], [201060, 557248, 169.3]]], [[[201060, 557248, 169.3], [201062, 557250, 169.1], [201060, 557250, 169.48362390723622], [201060, 557248, 169.3]]], [[[201060, 557250, 169.48362390723622], [201062, 557250, 169.1], [201062, 557252, 169.4], [201060, 557250, 169.48362390723622]]], [[[201060, 557250, 169.48362390723622], [201062, 557252, 169.4], [201060, 557252, 169.7562221995765], [201060, 557250, 169.48362390723622]]], [[[201060, 557252, 169.7562221995765], [201062, 557252, 169.4], [201062, 557254, 169.58362390723622], [201060, 557252, 169.7562221995765]]], [[[201060, 557252, 169.7562221995765], [201062, 557254, 169.58362390723622], [201060, 557254, 170.0], [201060, 557252, 169.7562221995765]]], [[[201060, 557254, 170.0], [201062, 557254, 169.58362390723622], [201062, 557256, 169.8], [201060, 557254, 170.0]]], [[[201060, 557254, 170.0], [201062, 557256, 169.8], [201060, 557256, 170.21637609276377], [201060, 557254, 170.0]]], [[[201060, 557256, 170.21637609276377], [201062, 557256, 169.8], [201062, 557258, 170.01637609276378], [201060, 557256, 170.21637609276377]]], [[[201060, 557256, 170.21637609276377], [201062, 557258, 170.01637609276378], [201060, 557258, 170.4], [201060, 557256, 170.21637609276377]]], [[[201060, 557258, 170.4], [201062, 557258, 170.01637609276378], [201062, 557260, 170.2437778004235], [201060, 557258, 170.4]]], [[[201060, 557258, 170.4], [201062, 557260, 170.2437778004235], [201060, 557260, 170.6], [201060, 557258, 170.4]]], [[[201060, 557260, 170.6], [201062, 557260, 170.2437778004235], [201062, 557262, 170.5], [201060, 557260, 170.6]]], [[[201060, 557260, 170.6], [201062, 557262, 170.5], [201060, 557262, 170.8562221995765], [201060, 557260, 170.6]]], [[[201060, 557262, 170.8562221995765], [201062, 557262, 170.5], [201062, 557264, 170.7], [201060, 557262, 170.8562221995765]]], [[[201060, 557262, 170.8562221995765], [201062, 557264, 170.7], [201060, 557264, 171.0562221995765], [201060, 557262, 170.8562221995765]]], [[[201060, 557266, 171.3], [201062, 557268, 171.1], [201060, 557268, 171.5], [201060, 557266, 171.3]]], [[[201060, 557268, 171.5], [201062, 557268, 171.1], [201062, 557270, 171.3], [201060, 557268, 171.5]]], [[[201060, 557268, 171.5], [201062, 557270, 171.3], [201060, 557270, 171.7], [201060, 557268, 171.5]]], [[[201060, 557270, 171.7], [201062, 557270, 171.3], [201062, 557272, 171.5], [201060, 557270, 171.7]]], [[[201060, 557270, 171.7], [201062, 557272, 171.5], [201060, 557272, 171.9], [201060, 557270, 171.7]]], [[[201062, 557240, 168.0], [201064, 557240, 167.7], [201064, 557242, 167.9], [201062, 557240, 168.0]]], [[[201062, 557240, 168.0], [201064, 557242, 167.9], [201062, 557242, 168.3], [201062, 557240, 168.0]]], [[[201062, 557242, 168.3], [201064, 557242, 167.9], [201064, 557244, 168.1], [201062, 557242, 168.3]]], [[[201062, 557242, 168.3], [201064, 557244, 168.1], [201062, 557244, 168.5], [201062, 557242, 168.3]]], [[[201062, 557244, 168.5], [201064, 557244, 168.1], [201064, 557246, 168.3], [201062, 557244, 168.5]]], [[[201062, 557244, 168.5], [201064, 557246, 168.3], [201062, 557246, 168.7], [201062, 557244, 168.5]]], [[[201062, 557246, 168.7], [201064, 557246, 168.3], [201064, 557248, 168.5], [201062, 557246, 168.7]]], [[[201062, 557246, 168.7], [201064, 557248, 168.5], [201062, 557248, 168.9], [201062, 557246, 168.7]]], [[[201062, 557248, 168.9], [201064, 557248, 168.5], [201064, 557250, 168.8], [201062, 557248, 168.9]]], [[[201062, 557248, 168.9], [201064, 557250, 168.8], [201062, 557250, 169.1], [201062, 557248, 168.9]]], [[[201062, 557250, 169.1], [201064, 557250, 168.8], [201064, 557252, 169.0], [201062, 557250, 169.1]]], [[[201062, 557250, 169.1], [201064, 557252, 169.0], [201062, 557252, 169.4], [201062, 557250, 169.1]]], [[[201062, 557252, 169.4], [201064, 557252, 169.0], [201064, 557254, 169.2], [201062, 557252, 169.4]]], [[[201062, 557252, 169.4], [201064, 557254, 169.2], [201062, 557254, 169.58362390723622], [201062, 557252, 169.4]]], [[[201062, 557254, 169.58362390723622], [201064, 557254, 169.2], [201064, 557256, 169.38362390723623], [201062, 557254, 169.58362390723622]]], [[[201062, 557254, 169.58362390723622], [201064, 557256, 169.38362390723623], [201062, 557256, 169.8], [201062, 557254, 169.58362390723622]]], [[[201062, 557256, 169.8], [201064, 557256, 169.38362390723623], [201064, 557258, 169.65622219957652], [201062, 557256, 169.8]]], [[[201062, 557256, 169.8], [201064, 557258, 169.65622219957652], [201062, 557258, 170.01637609276378], [201062, 557256, 169.8]]], [[[201062, 557258, 170.01637609276378], [201064, 557258, 169.65622219957652], [201064, 557260, 169.9], [201062, 557258, 170.01637609276378]]], [[[201062, 557258, 170.01637609276378], [201064, 557260, 169.9], [201062, 557260, 170.2437778004235], [201062, 557258, 170.01637609276378]]], [[[201062, 557260, 170.2437778004235], [201064, 557260, 169.9], [201064, 557262, 170.11637609276377], [201062, 557260, 170.2437778004235]]], [[[201062, 557260, 170.2437778004235], [201064, 557262, 170.11637609276377], [201062, 557262, 170.5], [201062, 557260, 170.2437778004235]]], [[[201062, 557262, 170.5], [201064, 557262, 170.11637609276377], [201064, 557264, 170.3], [201062, 557262, 170.5]]], [[[201062, 557262, 170.5], [201064, 557264, 170.3], [201062, 557264, 170.7], [201062, 557262, 170.5]]], [[[201062, 557268, 171.1], [201064, 557268, 170.7], [201064, 557270, 170.9], [201062, 557268, 171.1]]], [[[201062, 557268, 171.1], [201064, 557270, 170.9], [201062, 557270, 171.3], [201062, 557268, 171.1]]], [[[201064, 557238, 167.4], [201066, 557238, 167.0], [201066, 557240, 167.3], [201064, 557238, 167.4]]], [[[201064, 557238, 167.4], [201066, 557240, 167.3], [201064, 557240, 167.7], [201064, 557238, 167.4]]], [[[201064, 557240, 167.7], [201066, 557240, 167.3], [201066, 557242, 167.5], [201064, 557240, 167.7]]], [[[201064, 557240, 167.7], [201066, 557242, 167.5], [201064, 557242, 167.9], [201064, 557240, 167.7]]], [[[201064, 557242, 167.9], [201066, 557242, 167.5], [201066, 557244, 167.7], [201064, 557242, 167.9]]], [[[201064, 557242, 167.9], [201066, 557244, 167.7], [201064, 557244, 168.1], [201064, 557242, 167.9]]], [[[201064, 557244, 168.1], [201066, 557244, 167.7], [201066, 557246, 167.9], [201064, 557244, 168.1]]], [[[201064, 557244, 168.1], [201066, 557246, 167.9], [201064, 557246, 168.3], [201064, 557244, 168.1]]], [[[201064, 557246, 168.3], [201066, 557246, 167.9], [201066, 557248, 168.1], [201064, 557246, 168.3]]], [[[201064, 557246, 168.3], [201066, 557248, 168.1], [201064, 557248, 168.5], [201064, 557246, 168.3]]], [[[201064, 557248, 168.5], [201066, 557248, 168.1], [201066, 557250, 168.3], [201064, 557248, 168.5]]], [[[201064, 557248, 168.5], [201066, 557250, 168.3], [201064, 557250, 168.8], [201064, 557248, 168.5]]], [[[201064, 557250, 168.8], [201066, 557250, 168.3], [201066, 557252, 168.6], [201064, 557250, 168.8]]], [[[201064, 557250, 168.8], [201066, 557252, 168.6], [201064, 557252, 169.0], [201064, 557250, 168.8]]], [[[201064, 557252, 169.0], [201066, 557252, 168.6], [201066, 557254, 168.8], [201064, 557252, 169.0]]], [[[201064, 557252, 169.0], [201066, 557254, 168.8], [201064, 557254, 169.2], [201064, 557252, 169.0]]], [[[201064, 557254, 169.2], [201066, 557254, 168.8], [201066, 557256, 169.0], [201064, 557254, 169.2]]], [[[201064, 557254, 169.2], [201066, 557256, 169.0], [201064, 557256, 169.38362390723623], [201064, 557254, 169.2]]], [[[201064, 557256, 169.38362390723623], [201066, 557256, 169.0], [201066, 557258, 169.3], [201064, 557256, 169.38362390723623]]], [[[201064, 557256, 169.38362390723623], [201066, 557258, 169.3], [201064, 557258, 169.65622219957652], [201064, 557256, 169.38362390723623]]], [[[201064, 557258, 169.65622219957652], [201066, 557258, 169.3], [201066, 557260, 169.48362390723622], [201064, 557258, 169.65622219957652]]], [[[201064, 557258, 169.65622219957652], [201066, 557260, 169.48362390723622], [201064, 557260, 169.9], [201064, 557258, 169.65622219957652]]], [[[201064, 557260, 169.9], [201066, 557260, 169.48362390723622], [201066, 557262, 169.7], [201064, 557260, 169.9]]], [[[201064, 557260, 169.9], [201066, 557262, 169.7], [201064, 557262, 170.11637609276377], [201064, 557260, 169.9]]], [[[201064, 557262, 170.11637609276377], [201066, 557262, 169.7], [201066, 557264, 169.9], [201064, 557262, 170.11637609276377]]], [[[201064, 557262, 170.11637609276377], [201066, 557264, 169.9], [201064, 557264, 170.3], [201064, 557262, 170.11637609276377]]], [[[201064, 557264, 170.3], [201066, 557264, 169.9], [201066, 557266, 170.1], [201064, 557264, 170.3]]], [[[201064, 557268, 170.7], [201066, 557268, 170.4], [201066, 557270, 170.7], [201064, 557268, 170.7]]], [[[201064, 557268, 170.7], [201066, 557270, 170.7], [201064, 557270, 170.9], [201064, 557268, 170.7]]], [[[201066, 557238, 167.0], [201068, 557238, 166.6], [201068, 557240, 166.8], [201066, 557238, 167.0]]], [[[201066, 557238, 167.0], [201068, 557240, 166.8], [201066, 557240, 167.3], [201066, 557238, 167.0]]], [[[201066, 557244, 167.7], [201068, 557246, 167.6], [201066, 557246, 167.9], [201066, 557244, 167.7]]], [[[201066, 557246, 167.9], [201068, 557246, 167.6], [201068, 557248, 168.0], [201066, 557246, 167.9]]], [[[201066, 557246, 167.9], [201068, 557248, 168.0], [201066, 557248, 168.1], [201066, 557246, 167.9]]], [[[201066, 557252, 168.6], [201068, 557254, 168.4], [201066, 557254, 168.8], [201066, 557252, 168.6]]], [[[201066, 557254, 168.8], [201068, 557254, 168.4], [201068, 557256, 168.6], [201066, 557254, 168.8]]], [[[201066, 557254, 168.8], [201068, 557256, 168.6], [201066, 557256, 169.0], [201066, 557254, 168.8]]], [[[201066, 557256, 169.0], [201068, 557256, 168.6], [201068, 557258, 168.9], [201066, 557256, 169.0]]], [[[201066, 557256, 169.0], [201068, 557258, 168.9], [201066, 557258, 169.3], [201066, 557256, 169.0]]], [[[201066, 557258, 169.3], [201068, 557258, 168.9], [201068, 557260, 169.1], [201066, 557258, 169.3]]], [[[201066, 557258, 169.3], [201068, 557260, 169.1], [201066, 557260, 169.48362390723622], [201066, 557258, 169.3]]], [[[201066, 557260, 169.48362390723622], [201068, 557260, 169.1], [201068, 557262, 169.2774428678198], [201066, 557260, 169.48362390723622]]], [[[201066, 557260, 169.48362390723622], [201068, 557262, 169.2774428678198], [201066, 557262, 169.7], [201066, 557260, 169.48362390723622]]], [[[201066, 557262, 169.7], [201068, 557262, 169.2774428678198], [201068, 557264, 169.5], [201066, 557262, 169.7]]], [[[201066, 557262, 169.7], [201068, 557264, 169.5], [201066, 557264, 169.9], [201066, 557262, 169.7]]], [[[201066, 557264, 169.9], [201068, 557264, 169.5], [201068, 557266, 169.8], [201066, 557264, 169.9]]], [[[201066, 557264, 169.9], [201068, 557266, 169.8], [201066, 557266, 170.1], [201066, 557264, 169.9]]], [[[201068, 557254, 168.4], [201070, 557254, 168.0], [201070, 557256, 168.3], [201068, 557254, 168.4]]], [[[201068, 557254, 168.4], [201070, 557256, 168.3], [201068, 557256, 168.6], [201068, 557254, 168.4]]], [[[201068, 557256, 168.6], [201070, 557256, 168.3], [201070, 557258, 168.5], [201068, 557256, 168.6]]], [[[201068, 557256, 168.6], [201070, 557258, 168.5], [201068, 557258, 168.9], [201068, 557256, 168.6]]], [[[201068, 557258, 168.9], [201070, 557258, 168.5], [201070, 557260, 168.7], [201068, 557258, 168.9]]], [[[201068, 557258, 168.9], [201070, 557260, 168.7], [201068, 557260, 169.1], [201068, 557258, 168.9]]], [[[201068, 557260, 169.1], [201070, 557260, 168.7], [201070, 557262, 168.9], [201068, 557260, 169.1]]], [[[201068, 557260, 169.1], [201070, 557262, 168.9], [201068, 557262, 169.2774428678198], [201068, 557260, 169.1]]], [[[201068, 557262, 169.2774428678198], [201070, 557262, 168.9], [201070, 557264, 169.2], [201068, 557262, 169.2774428678198]]], [[[201068, 557262, 169.2774428678198], [201070, 557264, 169.2], [201068, 557264, 169.5], [201068, 557262, 169.2774428678198]]], [[[201070, 557254, 168.0], [201072, 557254, 167.7], [201072, 557256, 167.9], [201070, 557254, 168.0]]], [[[201070, 557254, 168.0], [201072, 557256, 167.9], [201070, 557256, 168.3], [201070, 557254, 168.0]]], [[[201070, 557256, 168.3], [201072, 557256, 167.9], [201072, 557258, 168.1], [201070, 557256, 168.3]]], [[[201070, 557256, 168.3], [201072, 557258, 168.1], [201070, 557258, 168.5], [201070, 557256, 168.3]]], [[[201070, 557258, 168.5], [201072, 557258, 168.1], [201072, 557260, 168.3], [201070, 557258, 168.5]]], [[[201070, 557258, 168.5], [201072, 557260, 168.3], [201070, 557260, 168.7], [201070, 557258, 168.5]]], [[[201072, 557254, 167.7], [201074, 557254, 167.3], [201074, 557256, 167.5], [201072, 557254, 167.7]]], [[[201072, 557254, 167.7], [201074, 557256, 167.5], [201072, 557256, 167.9], [201072, 557254, 167.7]]], [[[201072, 557256, 167.9], [201074, 557256, 167.5], [201074, 557258, 167.8], [201072, 557256, 167.9]]], [[[201072, 557256, 167.9], [201074, 557258, 167.8], [201072, 557258, 168.1], [201072, 557256, 167.9]]], [[[201074, 557252, 167.1], [201076, 557252, 166.8], [201076, 557254, 167.0], [201074, 557252, 167.1]]], [[[201074, 557252, 167.1], [201076, 557254, 167.0], [201074, 557254, 167.3], [201074, 557252, 167.1]]], [[[201074, 557254, 167.3], [201076, 557254, 167.0], [201076, 557256, 167.2], [201074, 557254, 167.3]]], [[[201074, 557254, 167.3], [201076, 557256, 167.2], [201074, 557256, 167.5], [201074, 557254, 167.3]]]]}}]}