{
 "type": "FeatureCollection",
 "name": "g02-way",
 "crs": {
  "type": "name",
  "properties": {
   "name": "urn:ogc:def:crs:EPSG::5186"
  }
 },
 "provenance": {
  "builder": "docs/audit/g02/build_inputs.py",
  "basePlanes": "backend/data/terrain/recipes/g02-surface.geojson",
  "schema": "docs/audit/g02/STRUCTURES.md",
  "note": "모든 상자는 기본 평면 위에 얹힌다. 치수는 사진 눈대중이라 전부 estimated."
 },
 "features": [
  {
   "type": "Feature",
   "properties": {
    "id": "G02-STRIP-T01",
    "type": "stair_step",
    "kind": "extrude",
    "estimated": true,
    "grade": "추정",
    "basePlane": "WAY",
    "fromM": 131.97,
    "toM": 132.14,
    "assumption": "계단식 보행 띠 디딤판 1: 한 단 0.155 m(가정), 깊이 1.32 m = 한 단 ÷ 길 경사, 폭 2.2 m(사진 눈대중). 단 수는 세지 않고 높이차에서 계산. 범위(차단기~은주관 옆)는 사용자 확정",
    "source": "사용자 사진 20·21·26·31, 거리뷰 09, SKU 영상 0:52~1:00, DAKNAT 영상 3:12~3:24·5:21~5:35, 사용자 답 2026-10-11",
    "stair": "G02-STEPPED-STRIP",
    "riseM": 0.155,
    "runM": 1.32,
    "widthM": 2.2
   },
   "geometry": {
    "type": "Polygon",
    "coordinates": [
     [
      [
       201049.94,
       557350.76
      ],
      [
       201051.13,
       557350.17
      ],
      [
       201052.1,
       557352.15
      ],
      [
       201050.91,
       557352.73
      ],
      [
       201049.94,
       557350.76
      ]
     ]
    ]
   }
  },
  {
   "type": "Feature",
   "properties": {
    "id": "G02-STRIP-T02",
    "type": "stair_step",
    "kind": "extrude",
    "estimated": true,
    "grade": "추정",
    "basePlane": "WAY",
    "fromM": 132.12,
    "toM": 132.3,
    "assumption": "계단식 보행 띠 디딤판 2: 한 단 0.155 m(가정), 깊이 1.32 m = 한 단 ÷ 길 경사, 폭 2.2 m(사진 눈대중). 단 수는 세지 않고 높이차에서 계산. 범위(차단기~은주관 옆)는 사용자 확정",
    "source": "사용자 사진 20·21·26·31, 거리뷰 09, SKU 영상 0:52~1:00, DAKNAT 영상 3:12~3:24·5:21~5:35, 사용자 답 2026-10-11",
    "stair": "G02-STEPPED-STRIP",
    "riseM": 0.155,
    "runM": 1.32,
    "widthM": 2.2
   },
   "geometry": {
    "type": "Polygon",
    "coordinates": [
     [
      [
       201051.13,
       557350.17
      ],
      [
       201052.31,
       557349.59
      ],
      [
       201053.28,
       557351.57
      ],
      [
       201052.1,
       557352.15
      ],
      [
       201051.13,
       557350.17
      ]
     ]
    ]
   }
  },
  {
   "type": "Feature",
   "properties": {
    "id": "G02-STRIP-T03",
    "type": "stair_step",
    "kind": "extrude",
    "estimated": true,
    "grade": "추정",
    "basePlane": "WAY",
    "fromM": 132.28,
    "toM": 132.45,
    "assumption": "계단식 보행 띠 디딤판 3: 한 단 0.155 m(가정), 깊이 1.32 m = 한 단 ÷ 길 경사, 폭 2.2 m(사진 눈대중). 단 수는 세지 않고 높이차에서 계산. 범위(차단기~은주관 옆)는 사용자 확정",
    "source": "사용자 사진 20·21·26·31, 거리뷰 09, SKU 영상 0:52~1:00, DAKNAT 영상 3:12~3:24·5:21~5:35, 사용자 답 2026-10-11",
    "stair": "G02-STEPPED-STRIP",
    "riseM": 0.155,
    "runM": 1.32,
    "widthM": 2.2
   },
   "geometry": {
    "type": "Polygon",
    "coordinates": [
     [
      [
       201052.31,
       557349.59
      ],
      [
       201053.49,
       557349.01
      ],
      [
       201054.46,
       557350.98
      ],
      [
       201053.28,
       557351.57
      ],
      [
       201052.31,
       557349.59
      ]
     ]
    ]
   }
  },
  {
   "type": "Feature",
   "properties": {
    "id": "G02-STRIP-T04",
    "type": "stair_step",
    "kind": "extrude",
    "estimated": true,
    "grade": "추정",
    "basePlane": "WAY",
    "fromM": 132.43,
    "toM": 132.61,
    "assumption": "계단식 보행 띠 디딤판 4: 한 단 0.155 m(가정), 깊이 1.32 m = 한 단 ÷ 길 경사, 폭 2.2 m(사진 눈대중). 단 수는 세지 않고 높이차에서 계산. 범위(차단기~은주관 옆)는 사용자 확정",
    "source": "사용자 사진 20·21·26·31, 거리뷰 09, SKU 영상 0:52~1:00, DAKNAT 영상 3:12~3:24·5:21~5:35, 사용자 답 2026-10-11",
    "stair": "G02-STEPPED-STRIP",
    "riseM": 0.155,
    "runM": 1.32,
    "widthM": 2.2
   },
   "geometry": {
    "type": "Polygon",
    "coordinates": [
     [
      [
       201053.49,
       557349.01
      ],
      [
       201054.68,
       557348.43
      ],
      [
       201055.65,
       557350.4
      ],
      [
       201054.46,
       557350.98
      ],
      [
       201053.49,
       557349.01
      ]
     ]
    ]
   }
  },
  {
   "type": "Feature",
   "properties": {
    "id": "G02-STRIP-T05",
    "type": "stair_step",
    "kind": "extrude",
    "estimated": true,
    "grade": "추정",
    "basePlane": "WAY",
    "fromM": 132.59,
    "toM": 132.76,
    "assumption": "계단식 보행 띠 디딤판 5: 한 단 0.155 m(가정), 깊이 1.32 m = 한 단 ÷ 길 경사, 폭 2.2 m(사진 눈대중). 단 수는 세지 않고 높이차에서 계산. 범위(차단기~은주관 옆)는 사용자 확정",
    "source": "사용자 사진 20·21·26·31, 거리뷰 09, SKU 영상 0:52~1:00, DAKNAT 영상 3:12~3:24·5:21~5:35, 사용자 답 2026-10-11",
    "stair": "G02-STEPPED-STRIP",
    "riseM": 0.155,
    "runM": 1.32,
    "widthM": 2.2
   },
   "geometry": {
    "type": "Polygon",
    "coordinates": [
     [
      [
       201054.68,
       557348.43
      ],
      [
       201055.86,
       557347.85
      ],
      [
       201056.83,
       557349.82
      ],
      [
       201055.65,
       557350.4
      ],
      [
       201054.68,
       557348.43
      ]
     ]
    ]
   }
  },
  {
   "type": "Feature",
   "properties": {
    "id": "G02-STRIP-T06",
    "type": "stair_step",
    "kind": "extrude",
    "estimated": true,
    "grade": "추정",
    "basePlane": "WAY",
    "fromM": 132.74,
    "toM": 132.92,
    "assumption": "계단식 보행 띠 디딤판 6: 한 단 0.155 m(가정), 깊이 1.32 m = 한 단 ÷ 길 경사, 폭 2.2 m(사진 눈대중). 단 수는 세지 않고 높이차에서 계산. 범위(차단기~은주관 옆)는 사용자 확정",
    "source": "사용자 사진 20·21·26·31, 거리뷰 09, SKU 영상 0:52~1:00, DAKNAT 영상 3:12~3:24·5:21~5:35, 사용자 답 2026-10-11",
    "stair": "G02-STEPPED-STRIP",
    "riseM": 0.155,
    "runM": 1.32,
    "widthM": 2.2
   },
   "geometry": {
    "type": "Polygon",
    "coordinates": [
     [
      [
       201055.86,
       557347.85
      ],
      [
       201057.04,
       557347.26
      ],
      [
       201058.01,
       557349.24
      ],
      [
       201056.83,
       557349.82
      ],
      [
       201055.86,
       557347.85
      ]
     ]
    ]
   }
  },
  {
   "type": "Feature",
   "properties": {
    "id": "G02-STRIP-T07",
    "type": "stair_step",
    "kind": "extrude",
    "estimated": true,
    "grade": "추정",
    "basePlane": "WAY",
    "fromM": 132.9,
    "toM": 133.07,
    "assumption": "계단식 보행 띠 디딤판 7: 한 단 0.155 m(가정), 깊이 1.32 m = 한 단 ÷ 길 경사, 폭 2.2 m(사진 눈대중). 단 수는 세지 않고 높이차에서 계산. 범위(차단기~은주관 옆)는 사용자 확정",
    "source": "사용자 사진 20·21·26·31, 거리뷰 09, SKU 영상 0:52~1:00, DAKNAT 영상 3:12~3:24·5:21~5:35, 사용자 답 2026-10-11",
    "stair": "G02-STEPPED-STRIP",
    "riseM": 0.155,
    "runM": 1.32,
    "widthM": 2.2
   },
   "geometry": {
    "type": "Polygon",
    "coordinates": [
     [
      [
       201057.04,
       557347.26
      ],
      [
       201058.23,
       557346.68
      ],
      [
       201059.2,
       557348.66
      ],
      [
       201058.01,
       557349.24
      ],
      [
       201057.04,
       557347.26
      ]
     ]
    ]
   }
  },
  {
   "type": "Feature",
   "properties": {
    "id": "G02-STRIP-T08",
    "type": "stair_step",
    "kind": "extrude",
    "estimated": true,
    "grade": "추정",
    "basePlane": "WAY",
    "fromM": 133.05,
    "toM": 133.23,
    "assumption": "계단식 보행 띠 디딤판 8: 한 단 0.155 m(가정), 깊이 1.32 m = 한 단 ÷ 길 경사, 폭 2.2 m(사진 눈대중). 단 수는 세지 않고 높이차에서 계산. 범위(차단기~은주관 옆)는 사용자 확정",
    "source": "사용자 사진 20·21·26·31, 거리뷰 09, SKU 영상 0:52~1:00, DAKNAT 영상 3:12~3:24·5:21~5:35, 사용자 답 2026-10-11",
    "stair": "G02-STEPPED-STRIP",
    "riseM": 0.155,
    "runM": 1.32,
    "widthM": 2.2
   },
   "geometry": {
    "type": "Polygon",
    "coordinates": [
     [
      [
       201058.23,
       557346.68
      ],
      [
       201059.41,
       557346.1
      ],
      [
       201060.38,
       557348.07
      ],
      [
       201059.2,
       557348.66
      ],
      [
       201058.23,
       557346.68
      ]
     ]
    ]
   }
  },
  {
   "type": "Feature",
   "properties": {
    "id": "G02-STRIP-T09",
    "type": "stair_step",
    "kind": "extrude",
    "estimated": true,
    "grade": "추정",
    "basePlane": "WAY",
    "fromM": 133.21,
    "toM": 133.38,
    "assumption": "계단식 보행 띠 디딤판 9: 한 단 0.155 m(가정), 깊이 1.32 m = 한 단 ÷ 길 경사, 폭 2.2 m(사진 눈대중). 단 수는 세지 않고 높이차에서 계산. 범위(차단기~은주관 옆)는 사용자 확정",
    "source": "사용자 사진 20·21·26·31, 거리뷰 09, SKU 영상 0:52~1:00, DAKNAT 영상 3:12~3:24·5:21~5:35, 사용자 답 2026-10-11",
    "stair": "G02-STEPPED-STRIP",
    "riseM": 0.155,
    "runM": 1.32,
    "widthM": 2.2
   },
   "geometry": {
    "type": "Polygon",
    "coordinates": [
     [
      [
       201059.41,
       557346.1
      ],
      [
       201060.59,
       557345.52
      ],
      [
       201061.56,
       557347.49
      ],
      [
       201060.38,
       557348.07
      ],
      [
       201059.41,
       557346.1
      ]
     ]
    ]
   }
  },
  {
   "type": "Feature",
   "properties": {
    "id": "G02-STRIP-T10",
    "type": "stair_step",
    "kind": "extrude",
    "estimated": true,
    "grade": "추정",
    "basePlane": "WAY",
    "fromM": 133.36,
    "toM": 133.54,
    "assumption": "계단식 보행 띠 디딤판 10: 한 단 0.155 m(가정), 깊이 1.32 m = 한 단 ÷ 길 경사, 폭 2.2 m(사진 눈대중). 단 수는 세지 않고 높이차에서 계산. 범위(차단기~은주관 옆)는 사용자 확정",
    "source": "사용자 사진 20·21·26·31, 거리뷰 09, SKU 영상 0:52~1:00, DAKNAT 영상 3:12~3:24·5:21~5:35, 사용자 답 2026-10-11",
    "stair": "G02-STEPPED-STRIP",
    "riseM": 0.155,
    "runM": 1.32,
    "widthM": 2.2
   },
   "geometry": {
    "type": "Polygon",
    "coordinates": [
     [
      [
       201060.59,
       557345.52
      ],
      [
       201061.78,
       557344.94
      ],
      [
       201062.75,
       557346.91
      ],
      [
       201061.56,
       557347.49
      ],
      [
       201060.59,
       557345.52
      ]
     ]
    ]
   }
  },
  {
   "type": "Feature",
   "properties": {
    "id": "G02-STRIP-T11",
    "type": "stair_step",
    "kind": "extrude",
    "estimated": true,
    "grade": "추정",
    "basePlane": "WAY",
    "fromM": 133.52,
    "toM": 133.69,
    "assumption": "계단식 보행 띠 디딤판 11: 한 단 0.155 m(가정), 깊이 1.32 m = 한 단 ÷ 길 경사, 폭 2.2 m(사진 눈대중). 단 수는 세지 않고 높이차에서 계산. 범위(차단기~은주관 옆)는 사용자 확정",
    "source": "사용자 사진 20·21·26·31, 거리뷰 09, SKU 영상 0:52~1:00, DAKNAT 영상 3:12~3:24·5:21~5:35, 사용자 답 2026-10-11",
    "stair": "G02-STEPPED-STRIP",
    "riseM": 0.155,
    "runM": 1.32,
    "widthM": 2.2
   },
   "geometry": {
    "type": "Polygon",
    "coordinates": [
     [
      [
       201061.78,
       557344.94
      ],
      [
       201062.96,
       557344.35
      ],
      [
       201063.93,
       557346.33
      ],
      [
       201062.75,
       557346.91
      ],
      [
       201061.78,
       557344.94
      ]
     ]
    ]
   }
  },
  {
   "type": "Feature",
   "properties": {
    "id": "G02-STRIP-T12",
    "type": "stair_step",
    "kind": "extrude",
    "estimated": true,
    "grade": "추정",
    "basePlane": "WAY",
    "fromM": 133.67,
    "toM": 133.85,
    "assumption": "계단식 보행 띠 디딤판 12: 한 단 0.155 m(가정), 깊이 1.15 m = 한 단 ÷ 길 경사, 폭 2.2 m(사진 눈대중). 단 수는 세지 않고 높이차에서 계산. 범위(차단기~은주관 옆)는 사용자 확정",
    "source": "사용자 사진 20·21·26·31, 거리뷰 09, SKU 영상 0:52~1:00, DAKNAT 영상 3:12~3:24·5:21~5:35, 사용자 답 2026-10-11",
    "stair": "G02-STEPPED-STRIP",
    "riseM": 0.155,
    "runM": 1.15,
    "widthM": 2.2
   },
   "geometry": {
    "type": "Polygon",
    "coordinates": [
     [
      [
       201062.96,
       557344.35
      ],
      [
       201063.99,
       557343.85
      ],
      [
       201064.96,
       557345.82
      ],
      [
       201063.93,
       557346.33
      ],
      [
       201062.96,
       557344.35
      ]
     ]
    ]
   }
  },
  {
   "type": "Feature",
   "properties": {
    "id": "G02-STRIP-T13",
    "type": "stair_step",
    "kind": "extrude",
    "estimated": true,
    "grade": "추정",
    "basePlane": "WAY",
    "fromM": 133.83,
    "toM": 134.0,
    "assumption": "계단식 보행 띠 디딤판 13: 한 단 0.155 m(가정), 깊이 1.04 m = 한 단 ÷ 길 경사, 폭 2.2 m(사진 눈대중). 단 수는 세지 않고 높이차에서 계산. 범위(차단기~은주관 옆)는 사용자 확정",
    "source": "사용자 사진 20·21·26·31, 거리뷰 09, SKU 영상 0:52~1:00, DAKNAT 영상 3:12~3:24·5:21~5:35, 사용자 답 2026-10-11",
    "stair": "G02-STEPPED-STRIP",
    "riseM": 0.155,
    "runM": 1.04,
    "widthM": 2.2
   },
   "geometry": {
    "type": "Polygon",
    "coordinates": [
     [
      [
       201063.99,
       557343.85
      ],
      [
       201064.93,
       557343.39
      ],
      [
       201065.9,
       557345.36
      ],
      [
       201064.96,
       557345.82
      ],
      [
       201063.99,
       557343.85
      ]
     ]
    ]
   }
  },
  {
   "type": "Feature",
   "properties": {
    "id": "G02-STRIP-T14",
    "type": "stair_step",
    "kind": "extrude",
    "estimated": true,
    "grade": "추정",
    "basePlane": "WAY",
    "fromM": 133.98,
    "toM": 134.16,
    "assumption": "계단식 보행 띠 디딤판 14: 한 단 0.155 m(가정), 깊이 1.04 m = 한 단 ÷ 길 경사, 폭 2.2 m(사진 눈대중). 단 수는 세지 않고 높이차에서 계산. 범위(차단기~은주관 옆)는 사용자 확정",
    "source": "사용자 사진 20·21·26·31, 거리뷰 09, SKU 영상 0:52~1:00, DAKNAT 영상 3:12~3:24·5:21~5:35, 사용자 답 2026-10-11",
    "stair": "G02-STEPPED-STRIP",
    "riseM": 0.155,
    "runM": 1.04,
    "widthM": 2.2
   },
   "geometry": {
    "type": "Polygon",
    "coordinates": [
     [
      [
       201064.93,
       557343.39
      ],
      [
       201065.86,
       557342.93
      ],
      [
       201066.83,
       557344.9
      ],
      [
       201065.9,
       557345.36
      ],
      [
       201064.93,
       557343.39
      ]
     ]
    ]
   }
  },
  {
   "type": "Feature",
   "properties": {
    "id": "G02-STRIP-T15",
    "type": "stair_step",
    "kind": "extrude",
    "estimated": true,
    "grade": "추정",
    "basePlane": "WAY",
    "fromM": 134.14,
    "toM": 134.31,
    "assumption": "계단식 보행 띠 디딤판 15: 한 단 0.155 m(가정), 깊이 1.04 m = 한 단 ÷ 길 경사, 폭 2.2 m(사진 눈대중). 단 수는 세지 않고 높이차에서 계산. 범위(차단기~은주관 옆)는 사용자 확정",
    "source": "사용자 사진 20·21·26·31, 거리뷰 09, SKU 영상 0:52~1:00, DAKNAT 영상 3:12~3:24·5:21~5:35, 사용자 답 2026-10-11",
    "stair": "G02-STEPPED-STRIP",
    "riseM": 0.155,
    "runM": 1.04,
    "widthM": 2.2
   },
   "geometry": {
    "type": "Polygon",
    "coordinates": [
     [
      [
       201065.86,
       557342.93
      ],
      [
       201066.8,
       557342.47
      ],
      [
       201067.77,
       557344.44
      ],
      [
       201066.83,
       557344.9
      ],
      [
       201065.86,
       557342.93
      ]
     ]
    ]
   }
  },
  {
   "type": "Feature",
   "properties": {
    "id": "G02-STRIP-T16",
    "type": "stair_step",
    "kind": "extrude",
    "estimated": true,
    "grade": "추정",
    "basePlane": "WAY",
    "fromM": 134.29,
    "toM": 134.47,
    "assumption": "계단식 보행 띠 디딤판 16: 한 단 0.155 m(가정), 깊이 1.04 m = 한 단 ÷ 길 경사, 폭 2.2 m(사진 눈대중). 단 수는 세지 않고 높이차에서 계산. 범위(차단기~은주관 옆)는 사용자 확정",
    "source": "사용자 사진 20·21·26·31, 거리뷰 09, SKU 영상 0:52~1:00, DAKNAT 영상 3:12~3:24·5:21~5:35, 사용자 답 2026-10-11",
    "stair": "G02-STEPPED-STRIP",
    "riseM": 0.155,
    "runM": 1.04,
    "widthM": 2.2
   },
   "geometry": {
    "type": "Polygon",
    "coordinates": [
     [
      [
       201066.8,
       557342.47
      ],
      [
       201067.73,
       557342.01
      ],
      [
       201068.71,
       557343.98
      ],
      [
       201067.77,
       557344.44
      ],
      [
       201066.8,
       557342.47
      ]
     ]
    ]
   }
  },
  {
   "type": "Feature",
   "properties": {
    "id": "G02-STRIP-T17",
    "type": "stair_step",
    "kind": "extrude",
    "estimated": true,
    "grade": "추정",
    "basePlane": "WAY",
    "fromM": 134.45,
    "toM": 134.62,
    "assumption": "계단식 보행 띠 디딤판 17: 한 단 0.155 m(가정), 깊이 1.04 m = 한 단 ÷ 길 경사, 폭 2.2 m(사진 눈대중). 단 수는 세지 않고 높이차에서 계산. 범위(차단기~은주관 옆)는 사용자 확정",
    "source": "사용자 사진 20·21·26·31, 거리뷰 09, SKU 영상 0:52~1:00, DAKNAT 영상 3:12~3:24·5:21~5:35, 사용자 답 2026-10-11",
    "stair": "G02-STEPPED-STRIP",
    "riseM": 0.155,
    "runM": 1.04,
    "widthM": 2.2
   },
   "geometry": {
    "type": "Polygon",
    "coordinates": [
     [
      [
       201067.73,
       557342.01
      ],
      [
       201068.67,
       557341.55
      ],
      [
       201069.64,
       557343.52
      ],
      [
       201068.71,
       557343.98
      ],
      [
       201067.73,
       557342.01
      ]
     ]
    ]
   }
  },
  {
   "type": "Feature",
   "properties": {
    "id": "G02-STRIP-T18",
    "type": "stair_step",
    "kind": "extrude",
    "estimated": true,
    "grade": "추정",
    "basePlane": "WAY",
    "fromM": 134.6,
    "toM": 134.78,
    "assumption": "계단식 보행 띠 디딤판 18: 한 단 0.155 m(가정), 깊이 1.04 m = 한 단 ÷ 길 경사, 폭 2.2 m(사진 눈대중). 단 수는 세지 않고 높이차에서 계산. 범위(차단기~은주관 옆)는 사용자 확정",
    "source": "사용자 사진 20·21·26·31, 거리뷰 09, SKU 영상 0:52~1:00, DAKNAT 영상 3:12~3:24·5:21~5:35, 사용자 답 2026-10-11",
    "stair": "G02-STEPPED-STRIP",
    "riseM": 0.155,
    "runM": 1.04,
    "widthM": 2.2
   },
   "geometry": {
    "type": "Polygon",
    "coordinates": [
     [
      [
       201068.67,
       557341.55
      ],
      [
       201069.61,
       557341.09
      ],
      [
       201070.58,
       557343.06
      ],
      [
       201069.64,
       557343.52
      ],
      [
       201068.67,
       557341.55
      ]
     ]
    ]
   }
  },
  {
   "type": "Feature",
   "properties": {
    "id": "G02-STRIP-T19",
    "type": "stair_step",
    "kind": "extrude",
    "estimated": true,
    "grade": "추정",
    "basePlane": "WAY",
    "fromM": 134.76,
    "toM": 134.93,
    "assumption": "계단식 보행 띠 디딤판 19: 한 단 0.155 m(가정), 깊이 1.04 m = 한 단 ÷ 길 경사, 폭 2.2 m(사진 눈대중). 단 수는 세지 않고 높이차에서 계산. 범위(차단기~은주관 옆)는 사용자 확정",
    "source": "사용자 사진 20·21·26·31, 거리뷰 09, SKU 영상 0:52~1:00, DAKNAT 영상 3:12~3:24·5:21~5:35, 사용자 답 2026-10-11",
    "stair": "G02-STEPPED-STRIP",
    "riseM": 0.155,
    "runM": 1.04,
    "widthM": 2.2
   },
   "geometry": {
    "type": "Polygon",
    "coordinates": [
     [
      [
       201069.61,
       557341.09
      ],
      [
       201070.54,
       557340.63
      ],
      [
       201071.51,
       557342.6
      ],
      [
       201070.58,
       557343.06
      ],
      [
       201069.61,
       557341.09
      ]
     ]
    ]
   }
  },
  {
   "type": "Feature",
   "properties": {
    "id": "G02-STRIP-T20",
    "type": "stair_step",
    "kind": "extrude",
    "estimated": true,
    "grade": "추정",
    "basePlane": "WAY",
    "fromM": 134.91,
    "toM": 135.09,
    "assumption": "계단식 보행 띠 디딤판 20: 한 단 0.155 m(가정), 깊이 1.04 m = 한 단 ÷ 길 경사, 폭 2.2 m(사진 눈대중). 단 수는 세지 않고 높이차에서 계산. 범위(차단기~은주관 옆)는 사용자 확정",
    "source": "사용자 사진 20·21·26·31, 거리뷰 09, SKU 영상 0:52~1:00, DAKNAT 영상 3:12~3:24·5:21~5:35, 사용자 답 2026-10-11",
    "stair": "G02-STEPPED-STRIP",
    "riseM": 0.155,
    "runM": 1.04,
    "widthM": 2.2
   },
   "geometry": {
    "type": "Polygon",
    "coordinates": [
     [
      [
       201070.54,
       557340.63
      ],
      [
       201071.48,
       557340.17
      ],
      [
       201072.45,
       557342.14
      ],
      [
       201071.51,
       557342.6
      ],
      [
       201070.54,
       557340.63
      ]
     ]
    ]
   }
  },
  {
   "type": "Feature",
   "properties": {
    "id": "G02-STRIP-T21",
    "type": "stair_step",
    "kind": "extrude",
    "estimated": true,
    "grade": "추정",
    "basePlane": "WAY",
    "fromM": 135.07,
    "toM": 135.24,
    "assumption": "계단식 보행 띠 디딤판 21: 한 단 0.155 m(가정), 깊이 1.04 m = 한 단 ÷ 길 경사, 폭 2.2 m(사진 눈대중). 단 수는 세지 않고 높이차에서 계산. 범위(차단기~은주관 옆)는 사용자 확정",
    "source": "사용자 사진 20·21·26·31, 거리뷰 09, SKU 영상 0:52~1:00, DAKNAT 영상 3:12~3:24·5:21~5:35, 사용자 답 2026-10-11",
    "stair": "G02-STEPPED-STRIP",
    "riseM": 0.155,
    "runM": 1.04,
    "widthM": 2.2
   },
   "geometry": {
    "type": "Polygon",
    "coordinates": [
     [
      [
       201071.48,
       557340.17
      ],
      [
       201072.42,
       557339.71
      ],
      [
       201073.39,
       557341.68
      ],
      [
       201072.45,
       557342.14
      ],
      [
       201071.48,
       557340.17
      ]
     ]
    ]
   }
  },
  {
   "type": "Feature",
   "properties": {
    "id": "G02-STRIP-T22",
    "type": "stair_step",
    "kind": "extrude",
    "estimated": true,
    "grade": "추정",
    "basePlane": "WAY",
    "fromM": 135.22,
    "toM": 135.4,
    "assumption": "계단식 보행 띠 디딤판 22: 한 단 0.155 m(가정), 깊이 1.04 m = 한 단 ÷ 길 경사, 폭 2.2 m(사진 눈대중). 단 수는 세지 않고 높이차에서 계산. 범위(차단기~은주관 옆)는 사용자 확정",
    "source": "사용자 사진 20·21·26·31, 거리뷰 09, SKU 영상 0:52~1:00, DAKNAT 영상 3:12~3:24·5:21~5:35, 사용자 답 2026-10-11",
    "stair": "G02-STEPPED-STRIP",
    "riseM": 0.155,
    "runM": 1.04,
    "widthM": 2.2
   },
   "geometry": {
    "type": "Polygon",
    "coordinates": [
     [
      [
       201072.42,
       557339.71
      ],
      [
       201073.35,
       557339.25
      ],
      [
       201074.32,
       557341.22
      ],
      [
       201073.39,
       557341.68
      ],
      [
       201072.42,
       557339.71
      ]
     ]
    ]
   }
  },
  {
   "type": "Feature",
   "properties": {
    "id": "G02-STRIP-T23",
    "type": "stair_step",
    "kind": "extrude",
    "estimated": true,
    "grade": "추정",
    "basePlane": "WAY",
    "fromM": 135.38,
    "toM": 135.55,
    "assumption": "계단식 보행 띠 디딤판 23: 한 단 0.155 m(가정), 깊이 1.04 m = 한 단 ÷ 길 경사, 폭 2.2 m(사진 눈대중). 단 수는 세지 않고 높이차에서 계산. 범위(차단기~은주관 옆)는 사용자 확정",
    "source": "사용자 사진 20·21·26·31, 거리뷰 09, SKU 영상 0:52~1:00, DAKNAT 영상 3:12~3:24·5:21~5:35, 사용자 답 2026-10-11",
    "stair": "G02-STEPPED-STRIP",
    "riseM": 0.155,
    "runM": 1.04,
    "widthM": 2.2
   },
   "geometry": {
    "type": "Polygon",
    "coordinates": [
     [
      [
       201073.35,
       557339.25
      ],
      [
       201074.29,
       557338.79
      ],
      [
       201075.26,
       557340.76
      ],
      [
       201074.32,
       557341.22
      ],
      [
       201073.35,
       557339.25
      ]
     ]
    ]
   }
  },
  {
   "type": "Feature",
   "properties": {
    "id": "G02-STRIP-T24",
    "type": "stair_step",
    "kind": "extrude",
    "estimated": true,
    "grade": "추정",
    "basePlane": "WAY",
    "fromM": 135.53,
    "toM": 135.71,
    "assumption": "계단식 보행 띠 디딤판 24: 한 단 0.155 m(가정), 깊이 1.04 m = 한 단 ÷ 길 경사, 폭 2.2 m(사진 눈대중). 단 수는 세지 않고 높이차에서 계산. 범위(차단기~은주관 옆)는 사용자 확정",
    "source": "사용자 사진 20·21·26·31, 거리뷰 09, SKU 영상 0:52~1:00, DAKNAT 영상 3:12~3:24·5:21~5:35, 사용자 답 2026-10-11",
    "stair": "G02-STEPPED-STRIP",
    "riseM": 0.155,
    "runM": 1.04,
    "widthM": 2.2
   },
   "geometry": {
    "type": "Polygon",
    "coordinates": [
     [
      [
       201074.29,
       557338.79
      ],
      [
       201075.22,
       557338.33
      ],
      [
       201076.19,
       557340.3
      ],
      [
       201075.26,
       557340.76
      ],
      [
       201074.29,
       557338.79
      ]
     ]
    ]
   }
  },
  {
   "type": "Feature",
   "properties": {
    "id": "G02-STRIP-T25",
    "type": "stair_step",
    "kind": "extrude",
    "estimated": true,
    "grade": "추정",
    "basePlane": "WAY",
    "fromM": 135.69,
    "toM": 135.86,
    "assumption": "계단식 보행 띠 디딤판 25: 한 단 0.155 m(가정), 깊이 1.04 m = 한 단 ÷ 길 경사, 폭 2.2 m(사진 눈대중). 단 수는 세지 않고 높이차에서 계산. 범위(차단기~은주관 옆)는 사용자 확정",
    "source": "사용자 사진 20·21·26·31, 거리뷰 09, SKU 영상 0:52~1:00, DAKNAT 영상 3:12~3:24·5:21~5:35, 사용자 답 2026-10-11",
    "stair": "G02-STEPPED-STRIP",
    "riseM": 0.155,
    "runM": 1.04,
    "widthM": 2.2
   },
   "geometry": {
    "type": "Polygon",
    "coordinates": [
     [
      [
       201075.22,
       557338.33
      ],
      [
       201076.16,
       557337.87
      ],
      [
       201077.13,
       557339.84
      ],
      [
       201076.19,
       557340.3
      ],
      [
       201075.22,
       557338.33
      ]
     ]
    ]
   }
  },
  {
   "type": "Feature",
   "properties": {
    "id": "G02-STRIP-T26",
    "type": "stair_step",
    "kind": "extrude",
    "estimated": true,
    "grade": "추정",
    "basePlane": "WAY",
    "fromM": 135.84,
    "toM": 136.02,
    "assumption": "계단식 보행 띠 디딤판 26: 한 단 0.155 m(가정), 깊이 1.04 m = 한 단 ÷ 길 경사, 폭 2.2 m(사진 눈대중). 단 수는 세지 않고 높이차에서 계산. 범위(차단기~은주관 옆)는 사용자 확정",
    "source": "사용자 사진 20·21·26·31, 거리뷰 09, SKU 영상 0:52~1:00, DAKNAT 영상 3:12~3:24·5:21~5:35, 사용자 답 2026-10-11",
    "stair": "G02-STEPPED-STRIP",
    "riseM": 0.155,
    "runM": 1.04,
    "widthM": 2.2
   },
   "geometry": {
    "type": "Polygon",
    "coordinates": [
     [
      [
       201076.16,
       557337.87
      ],
      [
       201077.1,
       557337.4
      ],
      [
       201078.07,
       557339.38
      ],
      [
       201077.13,
       557339.84
      ],
      [
       201076.16,
       557337.87
      ]
     ]
    ]
   }
  },
  {
   "type": "Feature",
   "properties": {
    "id": "G02-STRIP-T27",
    "type": "stair_step",
    "kind": "extrude",
    "estimated": true,
    "grade": "추정",
    "basePlane": "WAY",
    "fromM": 136.0,
    "toM": 136.17,
    "assumption": "계단식 보행 띠 디딤판 27: 한 단 0.155 m(가정), 깊이 1.04 m = 한 단 ÷ 길 경사, 폭 2.2 m(사진 눈대중). 단 수는 세지 않고 높이차에서 계산. 범위(차단기~은주관 옆)는 사용자 확정",
    "source": "사용자 사진 20·21·26·31, 거리뷰 09, SKU 영상 0:52~1:00, DAKNAT 영상 3:12~3:24·5:21~5:35, 사용자 답 2026-10-11",
    "stair": "G02-STEPPED-STRIP",
    "riseM": 0.155,
    "runM": 1.04,
    "widthM": 2.2
   },
   "geometry": {
    "type": "Polygon",
    "coordinates": [
     [
      [
       201077.1,
       557337.4
      ],
      [
       201078.03,
       557336.94
      ],
      [
       201079.0,
       557338.92
      ],
      [
       201078.07,
       557339.38
      ],
      [
       201077.1,
       557337.4
      ]
     ]
    ]
   }
  },
  {
   "type": "Feature",
   "properties": {
    "id": "G02-STRIP-T28",
    "type": "stair_step",
    "kind": "extrude",
    "estimated": true,
    "grade": "추정",
    "basePlane": "WAY",
    "fromM": 136.15,
    "toM": 136.33,
    "assumption": "계단식 보행 띠 디딤판 28: 한 단 0.155 m(가정), 깊이 1.04 m = 한 단 ÷ 길 경사, 폭 2.2 m(사진 눈대중). 단 수는 세지 않고 높이차에서 계산. 범위(차단기~은주관 옆)는 사용자 확정",
    "source": "사용자 사진 20·21·26·31, 거리뷰 09, SKU 영상 0:52~1:00, DAKNAT 영상 3:12~3:24·5:21~5:35, 사용자 답 2026-10-11",
    "stair": "G02-STEPPED-STRIP",
    "riseM": 0.155,
    "runM": 1.04,
    "widthM": 2.2
   },
   "geometry": {
    "type": "Polygon",
    "coordinates": [
     [
      [
       201078.03,
       557336.94
      ],
      [
       201078.97,
       557336.48
      ],
      [
       201079.94,
       557338.46
      ],
      [
       201079.0,
       557338.92
      ],
      [
       201078.03,
       557336.94
      ]
     ]
    ]
   }
  },
  {
   "type": "Feature",
   "properties": {
    "id": "G02-STRIP-T29",
    "type": "stair_step",
    "kind": "extrude",
    "estimated": true,
    "grade": "추정",
    "basePlane": "WAY",
    "fromM": 136.31,
    "toM": 136.48,
    "assumption": "계단식 보행 띠 디딤판 29: 한 단 0.155 m(가정), 깊이 1.04 m = 한 단 ÷ 길 경사, 폭 2.2 m(사진 눈대중). 단 수는 세지 않고 높이차에서 계산. 범위(차단기~은주관 옆)는 사용자 확정",
    "source": "사용자 사진 20·21·26·31, 거리뷰 09, SKU 영상 0:52~1:00, DAKNAT 영상 3:12~3:24·5:21~5:35, 사용자 답 2026-10-11",
    "stair": "G02-STEPPED-STRIP",
    "riseM": 0.155,
    "runM": 1.04,
    "widthM": 2.2
   },
   "geometry": {
    "type": "Polygon",
    "coordinates": [
     [
      [
       201078.97,
       557336.48
      ],
      [
       201079.91,
       557336.02
      ],
      [
       201080.88,
       557338.0
      ],
      [
       201079.94,
       557338.46
      ],
      [
       201078.97,
       557336.48
      ]
     ]
    ]
   }
  },
  {
   "type": "Feature",
   "properties": {
    "id": "G02-STRIP-T30",
    "type": "stair_step",
    "kind": "extrude",
    "estimated": true,
    "grade": "추정",
    "basePlane": "WAY",
    "fromM": 136.46,
    "toM": 136.64,
    "assumption": "계단식 보행 띠 디딤판 30: 한 단 0.155 m(가정), 깊이 1.04 m = 한 단 ÷ 길 경사, 폭 2.2 m(사진 눈대중). 단 수는 세지 않고 높이차에서 계산. 범위(차단기~은주관 옆)는 사용자 확정",
    "source": "사용자 사진 20·21·26·31, 거리뷰 09, SKU 영상 0:52~1:00, DAKNAT 영상 3:12~3:24·5:21~5:35, 사용자 답 2026-10-11",
    "stair": "G02-STEPPED-STRIP",
    "riseM": 0.155,
    "runM": 1.04,
    "widthM": 2.2
   },
   "geometry": {
    "type": "Polygon",
    "coordinates": [
     [
      [
       201079.91,
       557336.02
      ],
      [
       201080.84,
       557335.56
      ],
      [
       201081.81,
       557337.54
      ],
      [
       201080.88,
       557338.0
      ],
      [
       201079.91,
       557336.02
      ]
     ]
    ]
   }
  },
  {
   "type": "Feature",
   "properties": {
    "id": "G02-STRIP-T31",
    "type": "stair_step",
    "kind": "extrude",
    "estimated": true,
    "grade": "추정",
    "basePlane": "WAY",
    "fromM": 136.62,
    "toM": 136.79,
    "assumption": "계단식 보행 띠 디딤판 31: 한 단 0.155 m(가정), 깊이 1.04 m = 한 단 ÷ 길 경사, 폭 2.2 m(사진 눈대중). 단 수는 세지 않고 높이차에서 계산. 범위(차단기~은주관 옆)는 사용자 확정",
    "source": "사용자 사진 20·21·26·31, 거리뷰 09, SKU 영상 0:52~1:00, DAKNAT 영상 3:12~3:24·5:21~5:35, 사용자 답 2026-10-11",
    "stair": "G02-STEPPED-STRIP",
    "riseM": 0.155,
    "runM": 1.04,
    "widthM": 2.2
   },
   "geometry": {
    "type": "Polygon",
    "coordinates": [
     [
      [
       201080.84,
       557335.56
      ],
      [
       201081.78,
       557335.1
      ],
      [
       201082.75,
       557337.08
      ],
      [
       201081.81,
       557337.54
      ],
      [
       201080.84,
       557335.56
      ]
     ]
    ]
   }
  },
  {
   "type": "Feature",
   "properties": {
    "id": "G02-STRIP-T32",
    "type": "stair_step",
    "kind": "extrude",
    "estimated": true,
    "grade": "추정",
    "basePlane": "WAY",
    "fromM": 136.77,
    "toM": 136.95,
    "assumption": "계단식 보행 띠 디딤판 32: 한 단 0.155 m(가정), 깊이 1.04 m = 한 단 ÷ 길 경사, 폭 2.2 m(사진 눈대중). 단 수는 세지 않고 높이차에서 계산. 범위(차단기~은주관 옆)는 사용자 확정",
    "source": "사용자 사진 20·21·26·31, 거리뷰 09, SKU 영상 0:52~1:00, DAKNAT 영상 3:12~3:24·5:21~5:35, 사용자 답 2026-10-11",
    "stair": "G02-STEPPED-STRIP",
    "riseM": 0.155,
    "runM": 1.04,
    "widthM": 2.2
   },
   "geometry": {
    "type": "Polygon",
    "coordinates": [
     [
      [
       201081.78,
       557335.1
      ],
      [
       201082.71,
       557334.64
      ],
      [
       201083.68,
       557336.62
      ],
      [
       201082.75,
       557337.08
      ],
      [
       201081.78,
       557335.1
      ]
     ]
    ]
   }
  },
  {
   "type": "Feature",
   "properties": {
    "id": "G02-STRIP-T33",
    "type": "stair_step",
    "kind": "extrude",
    "estimated": true,
    "grade": "추정",
    "basePlane": "WAY",
    "fromM": 136.93,
    "toM": 137.1,
    "assumption": "계단식 보행 띠 디딤판 33: 한 단 0.155 m(가정), 깊이 1.04 m = 한 단 ÷ 길 경사, 폭 2.2 m(사진 눈대중). 단 수는 세지 않고 높이차에서 계산. 범위(차단기~은주관 옆)는 사용자 확정",
    "source": "사용자 사진 20·21·26·31, 거리뷰 09, SKU 영상 0:52~1:00, DAKNAT 영상 3:12~3:24·5:21~5:35, 사용자 답 2026-10-11",
    "stair": "G02-STEPPED-STRIP",
    "riseM": 0.155,
    "runM": 1.04,
    "widthM": 2.2
   },
   "geometry": {
    "type": "Polygon",
    "coordinates": [
     [
      [
       201082.71,
       557334.64
      ],
      [
       201083.65,
       557334.18
      ],
      [
       201084.62,
       557336.16
      ],
      [
       201083.68,
       557336.62
      ],
      [
       201082.71,
       557334.64
      ]
     ]
    ]
   }
  },
  {
   "type": "Feature",
   "properties": {
    "id": "G02-STRIP-T34",
    "type": "stair_step",
    "kind": "extrude",
    "estimated": true,
    "grade": "추정",
    "basePlane": "WAY",
    "fromM": 137.08,
    "toM": 137.26,
    "assumption": "계단식 보행 띠 디딤판 34: 한 단 0.155 m(가정), 깊이 1.04 m = 한 단 ÷ 길 경사, 폭 2.2 m(사진 눈대중). 단 수는 세지 않고 높이차에서 계산. 범위(차단기~은주관 옆)는 사용자 확정",
    "source": "사용자 사진 20·21·26·31, 거리뷰 09, SKU 영상 0:52~1:00, DAKNAT 영상 3:12~3:24·5:21~5:35, 사용자 답 2026-10-11",
    "stair": "G02-STEPPED-STRIP",
    "riseM": 0.155,
    "runM": 1.04,
    "widthM": 2.2
   },
   "geometry": {
    "type": "Polygon",
    "coordinates": [
     [
      [
       201083.65,
       557334.18
      ],
      [
       201084.59,
       557333.72
      ],
      [
       201085.56,
       557335.7
      ],
      [
       201084.62,
       557336.16
      ],
      [
       201083.65,
       557334.18
      ]
     ]
    ]
   }
  },
  {
   "type": "Feature",
   "properties": {
    "id": "G02-STRIP-T35",
    "type": "stair_step",
    "kind": "extrude",
    "estimated": true,
    "grade": "추정",
    "basePlane": "WAY",
    "fromM": 137.24,
    "toM": 137.41,
    "assumption": "계단식 보행 띠 디딤판 35: 한 단 0.155 m(가정), 깊이 1.04 m = 한 단 ÷ 길 경사, 폭 2.2 m(사진 눈대중). 단 수는 세지 않고 높이차에서 계산. 범위(차단기~은주관 옆)는 사용자 확정",
    "source": "사용자 사진 20·21·26·31, 거리뷰 09, SKU 영상 0:52~1:00, DAKNAT 영상 3:12~3:24·5:21~5:35, 사용자 답 2026-10-11",
    "stair": "G02-STEPPED-STRIP",
    "riseM": 0.155,
    "runM": 1.04,
    "widthM": 2.2
   },
   "geometry": {
    "type": "Polygon",
    "coordinates": [
     [
      [
       201084.59,
       557333.72
      ],
      [
       201085.52,
       557333.26
      ],
      [
       201086.49,
       557335.24
      ],
      [
       201085.56,
       557335.7
      ],
      [
       201084.59,
       557333.72
      ]
     ]
    ]
   }
  },
  {
   "type": "Feature",
   "properties": {
    "id": "G02-STRIP-T36",
    "type": "stair_step",
    "kind": "extrude",
    "estimated": true,
    "grade": "추정",
    "basePlane": "WAY",
    "fromM": 137.39,
    "toM": 137.57,
    "assumption": "계단식 보행 띠 디딤판 36: 한 단 0.155 m(가정), 깊이 1.04 m = 한 단 ÷ 길 경사, 폭 2.2 m(사진 눈대중). 단 수는 세지 않고 높이차에서 계산. 범위(차단기~은주관 옆)는 사용자 확정",
    "source": "사용자 사진 20·21·26·31, 거리뷰 09, SKU 영상 0:52~1:00, DAKNAT 영상 3:12~3:24·5:21~5:35, 사용자 답 2026-10-11",
    "stair": "G02-STEPPED-STRIP",
    "riseM": 0.155,
    "runM": 1.04,
    "widthM": 2.2
   },
   "geometry": {
    "type": "Polygon",
    "coordinates": [
     [
      [
       201085.52,
       557333.26
      ],
      [
       201086.46,
       557332.8
      ],
      [
       201087.43,
       557334.78
      ],
      [
       201086.49,
       557335.24
      ],
      [
       201085.52,
       557333.26
      ]
     ]
    ]
   }
  },
  {
   "type": "Feature",
   "properties": {
    "id": "G02-STRIP-T37",
    "type": "stair_step",
    "kind": "extrude",
    "estimated": true,
    "grade": "추정",
    "basePlane": "WAY",
    "fromM": 137.55,
    "toM": 137.72,
    "assumption": "계단식 보행 띠 디딤판 37: 한 단 0.155 m(가정), 깊이 1.04 m = 한 단 ÷ 길 경사, 폭 2.2 m(사진 눈대중). 단 수는 세지 않고 높이차에서 계산. 범위(차단기~은주관 옆)는 사용자 확정",
    "source": "사용자 사진 20·21·26·31, 거리뷰 09, SKU 영상 0:52~1:00, DAKNAT 영상 3:12~3:24·5:21~5:35, 사용자 답 2026-10-11",
    "stair": "G02-STEPPED-STRIP",
    "riseM": 0.155,
    "runM": 1.04,
    "widthM": 2.2
   },
   "geometry": {
    "type": "Polygon",
    "coordinates": [
     [
      [
       201086.46,
       557332.8
      ],
      [
       201087.4,
       557332.34
      ],
      [
       201088.37,
       557334.32
      ],
      [
       201087.43,
       557334.78
      ],
      [
       201086.46,
       557332.8
      ]
     ]
    ]
   }
  },
  {
   "type": "Feature",
   "properties": {
    "id": "G02-STRIP-T38",
    "type": "stair_step",
    "kind": "extrude",
    "estimated": true,
    "grade": "추정",
    "basePlane": "WAY",
    "fromM": 137.7,
    "toM": 137.88,
    "assumption": "계단식 보행 띠 디딤판 38: 한 단 0.155 m(가정), 깊이 1.04 m = 한 단 ÷ 길 경사, 폭 2.2 m(사진 눈대중). 단 수는 세지 않고 높이차에서 계산. 범위(차단기~은주관 옆)는 사용자 확정",
    "source": "사용자 사진 20·21·26·31, 거리뷰 09, SKU 영상 0:52~1:00, DAKNAT 영상 3:12~3:24·5:21~5:35, 사용자 답 2026-10-11",
    "stair": "G02-STEPPED-STRIP",
    "riseM": 0.155,
    "runM": 1.04,
    "widthM": 2.2
   },
   "geometry": {
    "type": "Polygon",
    "coordinates": [
     [
      [
       201087.4,
       557332.34
      ],
      [
       201088.33,
       557331.88
      ],
      [
       201089.3,
       557333.86
      ],
      [
       201088.37,
       557334.32
      ],
      [
       201087.4,
       557332.34
      ]
     ]
    ]
   }
  },
  {
   "type": "Feature",
   "properties": {
    "id": "G02-STRIP-T39",
    "type": "stair_step",
    "kind": "extrude",
    "estimated": true,
    "grade": "추정",
    "basePlane": "WAY",
    "fromM": 137.86,
    "toM": 138.03,
    "assumption": "계단식 보행 띠 디딤판 39: 한 단 0.155 m(가정), 깊이 1.04 m = 한 단 ÷ 길 경사, 폭 2.2 m(사진 눈대중). 단 수는 세지 않고 높이차에서 계산. 범위(차단기~은주관 옆)는 사용자 확정",
    "source": "사용자 사진 20·21·26·31, 거리뷰 09, SKU 영상 0:52~1:00, DAKNAT 영상 3:12~3:24·5:21~5:35, 사용자 답 2026-10-11",
    "stair": "G02-STEPPED-STRIP",
    "riseM": 0.155,
    "runM": 1.04,
    "widthM": 2.2
   },
   "geometry": {
    "type": "Polygon",
    "coordinates": [
     [
      [
       201088.33,
       557331.88
      ],
      [
       201089.27,
       557331.42
      ],
      [
       201090.24,
       557333.39
      ],
      [
       201089.3,
       557333.86
      ],
      [
       201088.33,
       557331.88
      ]
     ]
    ]
   }
  },
  {
   "type": "Feature",
   "properties": {
    "id": "G02-STRIP-T40",
    "type": "stair_step",
    "kind": "extrude",
    "estimated": true,
    "grade": "추정",
    "basePlane": "WAY",
    "fromM": 138.01,
    "toM": 138.19,
    "assumption": "계단식 보행 띠 디딤판 40: 한 단 0.155 m(가정), 깊이 1.04 m = 한 단 ÷ 길 경사, 폭 2.2 m(사진 눈대중). 단 수는 세지 않고 높이차에서 계산. 범위(차단기~은주관 옆)는 사용자 확정",
    "source": "사용자 사진 20·21·26·31, 거리뷰 09, SKU 영상 0:52~1:00, DAKNAT 영상 3:12~3:24·5:21~5:35, 사용자 답 2026-10-11",
    "stair": "G02-STEPPED-STRIP",
    "riseM": 0.155,
    "runM": 1.04,
    "widthM": 2.2
   },
   "geometry": {
    "type": "Polygon",
    "coordinates": [
     [
      [
       201089.27,
       557331.42
      ],
      [
       201090.2,
       557330.96
      ],
      [
       201091.17,
       557332.93
      ],
      [
       201090.24,
       557333.39
      ],
      [
       201089.27,
       557331.42
      ]
     ]
    ]
   }
  },
  {
   "type": "Feature",
   "properties": {
    "id": "G02-STRIP-T41",
    "type": "stair_step",
    "kind": "extrude",
    "estimated": true,
    "grade": "추정",
    "basePlane": "WAY",
    "fromM": 138.17,
    "toM": 138.34,
    "assumption": "계단식 보행 띠 디딤판 41: 한 단 0.155 m(가정), 깊이 1.04 m = 한 단 ÷ 길 경사, 폭 2.2 m(사진 눈대중). 단 수는 세지 않고 높이차에서 계산. 범위(차단기~은주관 옆)는 사용자 확정",
    "source": "사용자 사진 20·21·26·31, 거리뷰 09, SKU 영상 0:52~1:00, DAKNAT 영상 3:12~3:24·5:21~5:35, 사용자 답 2026-10-11",
    "stair": "G02-STEPPED-STRIP",
    "riseM": 0.155,
    "runM": 1.04,
    "widthM": 2.2
   },
   "geometry": {
    "type": "Polygon",
    "coordinates": [
     [
      [
       201090.2,
       557330.96
      ],
      [
       201091.14,
       557330.5
      ],
      [
       201092.11,
       557332.47
      ],
      [
       201091.17,
       557332.93
      ],
      [
       201090.2,
       557330.96
      ]
     ]
    ]
   }
  },
  {
   "type": "Feature",
   "properties": {
    "id": "G02-STRIP-T42",
    "type": "stair_step",
    "kind": "extrude",
    "estimated": true,
    "grade": "추정",
    "basePlane": "WAY",
    "fromM": 138.32,
    "toM": 138.5,
    "assumption": "계단식 보행 띠 디딤판 42: 한 단 0.155 m(가정), 깊이 1.04 m = 한 단 ÷ 길 경사, 폭 2.2 m(사진 눈대중). 단 수는 세지 않고 높이차에서 계산. 범위(차단기~은주관 옆)는 사용자 확정",
    "source": "사용자 사진 20·21·26·31, 거리뷰 09, SKU 영상 0:52~1:00, DAKNAT 영상 3:12~3:24·5:21~5:35, 사용자 답 2026-10-11",
    "stair": "G02-STEPPED-STRIP",
    "riseM": 0.155,
    "runM": 1.04,
    "widthM": 2.2
   },
   "geometry": {
    "type": "Polygon",
    "coordinates": [
     [
      [
       201091.14,
       557330.5
      ],
      [
       201092.08,
       557330.04
      ],
      [
       201093.05,
       557332.01
      ],
      [
       201092.11,
       557332.47
      ],
      [
       201091.14,
       557330.5
      ]
     ]
    ]
   }
  },
  {
   "type": "Feature",
   "properties": {
    "id": "G02-STRIP-T43",
    "type": "stair_step",
    "kind": "extrude",
    "estimated": true,
    "grade": "추정",
    "basePlane": "WAY",
    "fromM": 138.48,
    "toM": 138.65,
    "assumption": "계단식 보행 띠 디딤판 43: 한 단 0.155 m(가정), 깊이 1.04 m = 한 단 ÷ 길 경사, 폭 2.2 m(사진 눈대중). 단 수는 세지 않고 높이차에서 계산. 범위(차단기~은주관 옆)는 사용자 확정",
    "source": "사용자 사진 20·21·26·31, 거리뷰 09, SKU 영상 0:52~1:00, DAKNAT 영상 3:12~3:24·5:21~5:35, 사용자 답 2026-10-11",
    "stair": "G02-STEPPED-STRIP",
    "riseM": 0.155,
    "runM": 1.04,
    "widthM": 2.2
   },
   "geometry": {
    "type": "Polygon",
    "coordinates": [
     [
      [
       201092.08,
       557330.04
      ],
      [
       201093.01,
       557329.58
      ],
      [
       201093.98,
       557331.55
      ],
      [
       201093.05,
       557332.01
      ],
      [
       201092.08,
       557330.04
      ]
     ]
    ]
   }
  },
  {
   "type": "Feature",
   "properties": {
    "id": "G02-STRIP-T44",
    "type": "stair_step",
    "kind": "extrude",
    "estimated": true,
    "grade": "추정",
    "basePlane": "WAY",
    "fromM": 138.63,
    "toM": 138.81,
    "assumption": "계단식 보행 띠 디딤판 44: 한 단 0.155 m(가정), 깊이 1.04 m = 한 단 ÷ 길 경사, 폭 2.2 m(사진 눈대중). 단 수는 세지 않고 높이차에서 계산. 범위(차단기~은주관 옆)는 사용자 확정",
    "source": "사용자 사진 20·21·26·31, 거리뷰 09, SKU 영상 0:52~1:00, DAKNAT 영상 3:12~3:24·5:21~5:35, 사용자 답 2026-10-11",
    "stair": "G02-STEPPED-STRIP",
    "riseM": 0.155,
    "runM": 1.04,
    "widthM": 2.2
   },
   "geometry": {
    "type": "Polygon",
    "coordinates": [
     [
      [
       201093.01,
       557329.58
      ],
      [
       201093.95,
       557329.12
      ],
      [
       201094.92,
       557331.09
      ],
      [
       201093.98,
       557331.55
      ],
      [
       201093.01,
       557329.58
      ]
     ]
    ]
   }
  },
  {
   "type": "Feature",
   "properties": {
    "id": "G02-STRIP-T45",
    "type": "stair_step",
    "kind": "extrude",
    "estimated": true,
    "grade": "추정",
    "basePlane": "WAY",
    "fromM": 138.79,
    "toM": 138.96,
    "assumption": "계단식 보행 띠 디딤판 45: 한 단 0.155 m(가정), 깊이 1.03 m = 한 단 ÷ 길 경사, 폭 2.2 m(사진 눈대중). 단 수는 세지 않고 높이차에서 계산. 범위(차단기~은주관 옆)는 사용자 확정",
    "source": "사용자 사진 20·21·26·31, 거리뷰 09, SKU 영상 0:52~1:00, DAKNAT 영상 3:12~3:24·5:21~5:35, 사용자 답 2026-10-11",
    "stair": "G02-STEPPED-STRIP",
    "riseM": 0.155,
    "runM": 1.03,
    "widthM": 2.2
   },
   "geometry": {
    "type": "Polygon",
    "coordinates": [
     [
      [
       201093.95,
       557329.12
      ],
      [
       201094.88,
       557328.66
      ],
      [
       201095.85,
       557330.64
      ],
      [
       201094.92,
       557331.09
      ],
      [
       201093.95,
       557329.12
      ]
     ]
    ]
   }
  },
  {
   "type": "Feature",
   "properties": {
    "id": "G02-STRIP-T46",
    "type": "stair_step",
    "kind": "extrude",
    "estimated": true,
    "grade": "추정",
    "basePlane": "WAY",
    "fromM": 138.94,
    "toM": 139.12,
    "assumption": "계단식 보행 띠 디딤판 46: 한 단 0.155 m(가정), 깊이 0.90 m = 한 단 ÷ 길 경사, 폭 2.2 m(사진 눈대중). 단 수는 세지 않고 높이차에서 계산. 범위(차단기~은주관 옆)는 사용자 확정",
    "source": "사용자 사진 20·21·26·31, 거리뷰 09, SKU 영상 0:52~1:00, DAKNAT 영상 3:12~3:24·5:21~5:35, 사용자 답 2026-10-11",
    "stair": "G02-STEPPED-STRIP",
    "riseM": 0.155,
    "runM": 0.9,
    "widthM": 2.2
   },
   "geometry": {
    "type": "Polygon",
    "coordinates": [
     [
      [
       201094.88,
       557328.66
      ],
      [
       201095.68,
       557328.27
      ],
      [
       201096.66,
       557330.24
      ],
      [
       201095.85,
       557330.64
      ],
      [
       201094.88,
       557328.66
      ]
     ]
    ]
   }
  },
  {
   "type": "Feature",
   "properties": {
    "id": "G02-STRIP-T47",
    "type": "stair_step",
    "kind": "extrude",
    "estimated": true,
    "grade": "추정",
    "basePlane": "WAY",
    "fromM": 139.1,
    "toM": 139.27,
    "assumption": "계단식 보행 띠 디딤판 47: 한 단 0.155 m(가정), 깊이 0.90 m = 한 단 ÷ 길 경사, 폭 2.2 m(사진 눈대중). 단 수는 세지 않고 높이차에서 계산. 범위(차단기~은주관 옆)는 사용자 확정",
    "source": "사용자 사진 20·21·26·31, 거리뷰 09, SKU 영상 0:52~1:00, DAKNAT 영상 3:12~3:24·5:21~5:35, 사용자 답 2026-10-11",
    "stair": "G02-STEPPED-STRIP",
    "riseM": 0.155,
    "runM": 0.9,
    "widthM": 2.2
   },
   "geometry": {
    "type": "Polygon",
    "coordinates": [
     [
      [
       201095.68,
       557328.27
      ],
      [
       201096.49,
       557327.87
      ],
      [
       201097.46,
       557329.84
      ],
      [
       201096.66,
       557330.24
      ],
      [
       201095.68,
       557328.27
      ]
     ]
    ]
   }
  },
  {
   "type": "Feature",
   "properties": {
    "id": "G02-STRIP-T48",
    "type": "stair_step",
    "kind": "extrude",
    "estimated": true,
    "grade": "추정",
    "basePlane": "WAY",
    "fromM": 139.25,
    "toM": 139.43,
    "assumption": "계단식 보행 띠 디딤판 48: 한 단 0.155 m(가정), 깊이 0.90 m = 한 단 ÷ 길 경사, 폭 2.2 m(사진 눈대중). 단 수는 세지 않고 높이차에서 계산. 범위(차단기~은주관 옆)는 사용자 확정",
    "source": "사용자 사진 20·21·26·31, 거리뷰 09, SKU 영상 0:52~1:00, DAKNAT 영상 3:12~3:24·5:21~5:35, 사용자 답 2026-10-11",
    "stair": "G02-STEPPED-STRIP",
    "riseM": 0.155,
    "runM": 0.9,
    "widthM": 2.2
   },
   "geometry": {
    "type": "Polygon",
    "coordinates": [
     [
      [
       201096.49,
       557327.87
      ],
      [
       201097.3,
       557327.47
      ],
      [
       201098.27,
       557329.44
      ],
      [
       201097.46,
       557329.84
      ],
      [
       201096.49,
       557327.87
      ]
     ]
    ]
   }
  },
  {
   "type": "Feature",
   "properties": {
    "id": "G02-STRIP-T49",
    "type": "stair_step",
    "kind": "extrude",
    "estimated": true,
    "grade": "추정",
    "basePlane": "WAY",
    "fromM": 139.41,
    "toM": 139.58,
    "assumption": "계단식 보행 띠 디딤판 49: 한 단 0.155 m(가정), 깊이 0.90 m = 한 단 ÷ 길 경사, 폭 2.2 m(사진 눈대중). 단 수는 세지 않고 높이차에서 계산. 범위(차단기~은주관 옆)는 사용자 확정",
    "source": "사용자 사진 20·21·26·31, 거리뷰 09, SKU 영상 0:52~1:00, DAKNAT 영상 3:12~3:24·5:21~5:35, 사용자 답 2026-10-11",
    "stair": "G02-STEPPED-STRIP",
    "riseM": 0.155,
    "runM": 0.9,
    "widthM": 2.2
   },
   "geometry": {
    "type": "Polygon",
    "coordinates": [
     [
      [
       201097.3,
       557327.47
      ],
      [
       201098.11,
       557327.07
      ],
      [
       201099.08,
       557329.05
      ],
      [
       201098.27,
       557329.44
      ],
      [
       201097.3,
       557327.47
      ]
     ]
    ]
   }
  },
  {
   "type": "Feature",
   "properties": {
    "id": "G02-STRIP-T50",
    "type": "stair_step",
    "kind": "extrude",
    "estimated": true,
    "grade": "추정",
    "basePlane": "WAY",
    "fromM": 139.56,
    "toM": 139.74,
    "assumption": "계단식 보행 띠 디딤판 50: 한 단 0.155 m(가정), 깊이 0.90 m = 한 단 ÷ 길 경사, 폭 2.2 m(사진 눈대중). 단 수는 세지 않고 높이차에서 계산. 범위(차단기~은주관 옆)는 사용자 확정",
    "source": "사용자 사진 20·21·26·31, 거리뷰 09, SKU 영상 0:52~1:00, DAKNAT 영상 3:12~3:24·5:21~5:35, 사용자 답 2026-10-11",
    "stair": "G02-STEPPED-STRIP",
    "riseM": 0.155,
    "runM": 0.9,
    "widthM": 2.2
   },
   "geometry": {
    "type": "Polygon",
    "coordinates": [
     [
      [
       201098.11,
       557327.07
      ],
      [
       201098.92,
       557326.67
      ],
      [
       201099.89,
       557328.65
      ],
      [
       201099.08,
       557329.05
      ],
      [
       201098.11,
       557327.07
      ]
     ]
    ]
   }
  },
  {
   "type": "Feature",
   "properties": {
    "id": "G02-STRIP-T51",
    "type": "stair_step",
    "kind": "extrude",
    "estimated": true,
    "grade": "추정",
    "basePlane": "WAY",
    "fromM": 139.72,
    "toM": 139.89,
    "assumption": "계단식 보행 띠 디딤판 51: 한 단 0.155 m(가정), 깊이 0.90 m = 한 단 ÷ 길 경사, 폭 2.2 m(사진 눈대중). 단 수는 세지 않고 높이차에서 계산. 범위(차단기~은주관 옆)는 사용자 확정",
    "source": "사용자 사진 20·21·26·31, 거리뷰 09, SKU 영상 0:52~1:00, DAKNAT 영상 3:12~3:24·5:21~5:35, 사용자 답 2026-10-11",
    "stair": "G02-STEPPED-STRIP",
    "riseM": 0.155,
    "runM": 0.9,
    "widthM": 2.2
   },
   "geometry": {
    "type": "Polygon",
    "coordinates": [
     [
      [
       201098.92,
       557326.67
      ],
      [
       201099.73,
       557326.28
      ],
      [
       201100.7,
       557328.25
      ],
      [
       201099.89,
       557328.65
      ],
      [
       201098.92,
       557326.67
      ]
     ]
    ]
   }
  },
  {
   "type": "Feature",
   "properties": {
    "id": "G02-STRIP-T52",
    "type": "stair_step",
    "kind": "extrude",
    "estimated": true,
    "grade": "추정",
    "basePlane": "WAY",
    "fromM": 139.87,
    "toM": 140.05,
    "assumption": "계단식 보행 띠 디딤판 52: 한 단 0.155 m(가정), 깊이 0.90 m = 한 단 ÷ 길 경사, 폭 2.2 m(사진 눈대중). 단 수는 세지 않고 높이차에서 계산. 범위(차단기~은주관 옆)는 사용자 확정",
    "source": "사용자 사진 20·21·26·31, 거리뷰 09, SKU 영상 0:52~1:00, DAKNAT 영상 3:12~3:24·5:21~5:35, 사용자 답 2026-10-11",
    "stair": "G02-STEPPED-STRIP",
    "riseM": 0.155,
    "runM": 0.9,
    "widthM": 2.2
   },
   "geometry": {
    "type": "Polygon",
    "coordinates": [
     [
      [
       201099.73,
       557326.28
      ],
      [
       201100.54,
       557325.88
      ],
      [
       201101.51,
       557327.85
      ],
      [
       201100.7,
       557328.25
      ],
      [
       201099.73,
       557326.28
      ]
     ]
    ]
   }
  },
  {
   "type": "Feature",
   "properties": {
    "id": "G02-STRIP-T53",
    "type": "stair_step",
    "kind": "extrude",
    "estimated": true,
    "grade": "추정",
    "basePlane": "WAY",
    "fromM": 140.03,
    "toM": 140.2,
    "assumption": "계단식 보행 띠 디딤판 53: 한 단 0.155 m(가정), 깊이 0.90 m = 한 단 ÷ 길 경사, 폭 2.2 m(사진 눈대중). 단 수는 세지 않고 높이차에서 계산. 범위(차단기~은주관 옆)는 사용자 확정",
    "source": "사용자 사진 20·21·26·31, 거리뷰 09, SKU 영상 0:52~1:00, DAKNAT 영상 3:12~3:24·5:21~5:35, 사용자 답 2026-10-11",
    "stair": "G02-STEPPED-STRIP",
    "riseM": 0.155,
    "runM": 0.9,
    "widthM": 2.2
   },
   "geometry": {
    "type": "Polygon",
    "coordinates": [
     [
      [
       201100.54,
       557325.88
      ],
      [
       201101.35,
       557325.48
      ],
      [
       201102.32,
       557327.45
      ],
      [
       201101.51,
       557327.85
      ],
      [
       201100.54,
       557325.88
      ]
     ]
    ]
   }
  },
  {
   "type": "Feature",
   "properties": {
    "id": "G02-STRIP-T54",
    "type": "stair_step",
    "kind": "extrude",
    "estimated": true,
    "grade": "추정",
    "basePlane": "WAY",
    "fromM": 140.18,
    "toM": 140.36,
    "assumption": "계단식 보행 띠 디딤판 54: 한 단 0.155 m(가정), 깊이 0.90 m = 한 단 ÷ 길 경사, 폭 2.2 m(사진 눈대중). 단 수는 세지 않고 높이차에서 계산. 범위(차단기~은주관 옆)는 사용자 확정",
    "source": "사용자 사진 20·21·26·31, 거리뷰 09, SKU 영상 0:52~1:00, DAKNAT 영상 3:12~3:24·5:21~5:35, 사용자 답 2026-10-11",
    "stair": "G02-STEPPED-STRIP",
    "riseM": 0.155,
    "runM": 0.9,
    "widthM": 2.2
   },
   "geometry": {
    "type": "Polygon",
    "coordinates": [
     [
      [
       201101.35,
       557325.48
      ],
      [
       201102.16,
       557325.08
      ],
      [
       201103.13,
       557327.06
      ],
      [
       201102.32,
       557327.45
      ],
      [
       201101.35,
       557325.48
      ]
     ]
    ]
   }
  },
  {
   "type": "Feature",
   "properties": {
    "id": "G02-STRIP-T55",
    "type": "stair_step",
    "kind": "extrude",
    "estimated": true,
    "grade": "추정",
    "basePlane": "WAY",
    "fromM": 140.34,
    "toM": 140.51,
    "assumption": "계단식 보행 띠 디딤판 55: 한 단 0.155 m(가정), 깊이 0.90 m = 한 단 ÷ 길 경사, 폭 2.2 m(사진 눈대중). 단 수는 세지 않고 높이차에서 계산. 범위(차단기~은주관 옆)는 사용자 확정",
    "source": "사용자 사진 20·21·26·31, 거리뷰 09, SKU 영상 0:52~1:00, DAKNAT 영상 3:12~3:24·5:21~5:35, 사용자 답 2026-10-11",
    "stair": "G02-STEPPED-STRIP",
    "riseM": 0.155,
    "runM": 0.9,
    "widthM": 2.2
   },
   "geometry": {
    "type": "Polygon",
    "coordinates": [
     [
      [
       201102.16,
       557325.08
      ],
      [
       201102.97,
       557324.68
      ],
      [
       201103.94,
       557326.66
      ],
      [
       201103.13,
       557327.06
      ],
      [
       201102.16,
       557325.08
      ]
     ]
    ]
   }
  },
  {
   "type": "Feature",
   "properties": {
    "id": "G02-STRIP-T56",
    "type": "stair_step",
    "kind": "extrude",
    "estimated": true,
    "grade": "추정",
    "basePlane": "WAY",
    "fromM": 140.49,
    "toM": 140.67,
    "assumption": "계단식 보행 띠 디딤판 56: 한 단 0.155 m(가정), 깊이 0.90 m = 한 단 ÷ 길 경사, 폭 2.2 m(사진 눈대중). 단 수는 세지 않고 높이차에서 계산. 범위(차단기~은주관 옆)는 사용자 확정",
    "source": "사용자 사진 20·21·26·31, 거리뷰 09, SKU 영상 0:52~1:00, DAKNAT 영상 3:12~3:24·5:21~5:35, 사용자 답 2026-10-11",
    "stair": "G02-STEPPED-STRIP",
    "riseM": 0.155,
    "runM": 0.9,
    "widthM": 2.2
   },
   "geometry": {
    "type": "Polygon",
    "coordinates": [
     [
      [
       201102.97,
       557324.68
      ],
      [
       201103.78,
       557324.29
      ],
      [
       201104.75,
       557326.26
      ],
      [
       201103.94,
       557326.66
      ],
      [
       201102.97,
       557324.68
      ]
     ]
    ]
   }
  },
  {
   "type": "Feature",
   "properties": {
    "id": "G02-STRIP-T57",
    "type": "stair_step",
    "kind": "extrude",
    "estimated": true,
    "grade": "추정",
    "basePlane": "WAY",
    "fromM": 140.65,
    "toM": 140.82,
    "assumption": "계단식 보행 띠 디딤판 57: 한 단 0.155 m(가정), 깊이 0.90 m = 한 단 ÷ 길 경사, 폭 2.2 m(사진 눈대중). 단 수는 세지 않고 높이차에서 계산. 범위(차단기~은주관 옆)는 사용자 확정",
    "source": "사용자 사진 20·21·26·31, 거리뷰 09, SKU 영상 0:52~1:00, DAKNAT 영상 3:12~3:24·5:21~5:35, 사용자 답 2026-10-11",
    "stair": "G02-STEPPED-STRIP",
    "riseM": 0.155,
    "runM": 0.9,
    "widthM": 2.2
   },
   "geometry": {
    "type": "Polygon",
    "coordinates": [
     [
      [
       201103.78,
       557324.29
      ],
      [
       201104.59,
       557323.89
      ],
      [
       201105.56,
       557325.86
      ],
      [
       201104.75,
       557326.26
      ],
      [
       201103.78,
       557324.29
      ]
     ]
    ]
   }
  },
  {
   "type": "Feature",
   "properties": {
    "id": "G02-STRIP-T58",
    "type": "stair_step",
    "kind": "extrude",
    "estimated": true,
    "grade": "추정",
    "basePlane": "WAY",
    "fromM": 140.8,
    "toM": 140.98,
    "assumption": "계단식 보행 띠 디딤판 58: 한 단 0.155 m(가정), 깊이 0.90 m = 한 단 ÷ 길 경사, 폭 2.2 m(사진 눈대중). 단 수는 세지 않고 높이차에서 계산. 범위(차단기~은주관 옆)는 사용자 확정",
    "source": "사용자 사진 20·21·26·31, 거리뷰 09, SKU 영상 0:52~1:00, DAKNAT 영상 3:12~3:24·5:21~5:35, 사용자 답 2026-10-11",
    "stair": "G02-STEPPED-STRIP",
    "riseM": 0.155,
    "runM": 0.9,
    "widthM": 2.2
   },
   "geometry": {
    "type": "Polygon",
    "coordinates": [
     [
      [
       201104.59,
       557323.89
      ],
      [
       201105.4,
       557323.49
      ],
      [
       201106.37,
       557325.46
      ],
      [
       201105.56,
       557325.86
      ],
      [
       201104.59,
       557323.89
      ]
     ]
    ]
   }
  },
  {
   "type": "Feature",
   "properties": {
    "id": "G02-STRIP-T59",
    "type": "stair_step",
    "kind": "extrude",
    "estimated": true,
    "grade": "추정",
    "basePlane": "WAY",
    "fromM": 140.96,
    "toM": 141.13,
    "assumption": "계단식 보행 띠 디딤판 59: 한 단 0.155 m(가정), 깊이 0.90 m = 한 단 ÷ 길 경사, 폭 2.2 m(사진 눈대중). 단 수는 세지 않고 높이차에서 계산. 범위(차단기~은주관 옆)는 사용자 확정",
    "source": "사용자 사진 20·21·26·31, 거리뷰 09, SKU 영상 0:52~1:00, DAKNAT 영상 3:12~3:24·5:21~5:35, 사용자 답 2026-10-11",
    "stair": "G02-STEPPED-STRIP",
    "riseM": 0.155,
    "runM": 0.9,
    "widthM": 2.2
   },
   "geometry": {
    "type": "Polygon",
    "coordinates": [
     [
      [
       201105.4,
       557323.49
      ],
      [
       201106.21,
       557323.09
      ],
      [
       201107.18,
       557325.07
      ],
      [
       201106.37,
       557325.46
      ],
      [
       201105.4,
       557323.49
      ]
     ]
    ]
   }
  },
  {
   "type": "Feature",
   "properties": {
    "id": "G02-STRIP-T60",
    "type": "stair_step",
    "kind": "extrude",
    "estimated": true,
    "grade": "추정",
    "basePlane": "WAY",
    "fromM": 141.11,
    "toM": 141.29,
    "assumption": "계단식 보행 띠 디딤판 60: 한 단 0.155 m(가정), 깊이 0.90 m = 한 단 ÷ 길 경사, 폭 2.2 m(사진 눈대중). 단 수는 세지 않고 높이차에서 계산. 범위(차단기~은주관 옆)는 사용자 확정",
    "source": "사용자 사진 20·21·26·31, 거리뷰 09, SKU 영상 0:52~1:00, DAKNAT 영상 3:12~3:24·5:21~5:35, 사용자 답 2026-10-11",
    "stair": "G02-STEPPED-STRIP",
    "riseM": 0.155,
    "runM": 0.9,
    "widthM": 2.2
   },
   "geometry": {
    "type": "Polygon",
    "coordinates": [
     [
      [
       201106.21,
       557323.09
      ],
      [
       201107.02,
       557322.69
      ],
      [
       201107.99,
       557324.67
      ],
      [
       201107.18,
       557325.07
      ],
      [
       201106.21,
       557323.09
      ]
     ]
    ]
   }
  },
  {
   "type": "Feature",
   "properties": {
    "id": "G02-STRIP-T61",
    "type": "stair_step",
    "kind": "extrude",
    "estimated": true,
    "grade": "추정",
    "basePlane": "WAY",
    "fromM": 141.27,
    "toM": 141.44,
    "assumption": "계단식 보행 띠 디딤판 61: 한 단 0.155 m(가정), 깊이 0.90 m = 한 단 ÷ 길 경사, 폭 2.2 m(사진 눈대중). 단 수는 세지 않고 높이차에서 계산. 범위(차단기~은주관 옆)는 사용자 확정",
    "source": "사용자 사진 20·21·26·31, 거리뷰 09, SKU 영상 0:52~1:00, DAKNAT 영상 3:12~3:24·5:21~5:35, 사용자 답 2026-10-11",
    "stair": "G02-STEPPED-STRIP",
    "riseM": 0.155,
    "runM": 0.9,
    "widthM": 2.2
   },
   "geometry": {
    "type": "Polygon",
    "coordinates": [
     [
      [
       201107.02,
       557322.69
      ],
      [
       201107.83,
       557322.3
      ],
      [
       201108.8,
       557324.27
      ],
      [
       201107.99,
       557324.67
      ],
      [
       201107.02,
       557322.69
      ]
     ]
    ]
   }
  },
  {
   "type": "Feature",
   "properties": {
    "id": "G02-STRIP-T62",
    "type": "stair_step",
    "kind": "extrude",
    "estimated": true,
    "grade": "추정",
    "basePlane": "WAY",
    "fromM": 141.42,
    "toM": 141.6,
    "assumption": "계단식 보행 띠 디딤판 62: 한 단 0.155 m(가정), 깊이 0.90 m = 한 단 ÷ 길 경사, 폭 2.2 m(사진 눈대중). 단 수는 세지 않고 높이차에서 계산. 범위(차단기~은주관 옆)는 사용자 확정",
    "source": "사용자 사진 20·21·26·31, 거리뷰 09, SKU 영상 0:52~1:00, DAKNAT 영상 3:12~3:24·5:21~5:35, 사용자 답 2026-10-11",
    "stair": "G02-STEPPED-STRIP",
    "riseM": 0.155,
    "runM": 0.9,
    "widthM": 2.2
   },
   "geometry": {
    "type": "Polygon",
    "coordinates": [
     [
      [
       201107.83,
       557322.3
      ],
      [
       201108.64,
       557321.9
      ],
      [
       201109.61,
       557323.87
      ],
      [
       201108.8,
       557324.27
      ],
      [
       201107.83,
       557322.3
      ]
     ]
    ]
   }
  },
  {
   "type": "Feature",
   "properties": {
    "id": "G02-STRIP-T63",
    "type": "stair_step",
    "kind": "extrude",
    "estimated": true,
    "grade": "추정",
    "basePlane": "WAY",
    "fromM": 141.58,
    "toM": 141.75,
    "assumption": "계단식 보행 띠 디딤판 63: 한 단 0.155 m(가정), 깊이 0.90 m = 한 단 ÷ 길 경사, 폭 2.2 m(사진 눈대중). 단 수는 세지 않고 높이차에서 계산. 범위(차단기~은주관 옆)는 사용자 확정",
    "source": "사용자 사진 20·21·26·31, 거리뷰 09, SKU 영상 0:52~1:00, DAKNAT 영상 3:12~3:24·5:21~5:35, 사용자 답 2026-10-11",
    "stair": "G02-STEPPED-STRIP",
    "riseM": 0.155,
    "runM": 0.9,
    "widthM": 2.2
   },
   "geometry": {
    "type": "Polygon",
    "coordinates": [
     [
      [
       201108.64,
       557321.9
      ],
      [
       201109.44,
       557321.5
      ],
      [
       201110.42,
       557323.47
      ],
      [
       201109.61,
       557323.87
      ],
      [
       201108.64,
       557321.9
      ]
     ]
    ]
   }
  },
  {
   "type": "Feature",
   "properties": {
    "id": "G02-STRIP-T64",
    "type": "stair_step",
    "kind": "extrude",
    "estimated": true,
    "grade": "추정",
    "basePlane": "WAY",
    "fromM": 141.73,
    "toM": 141.91,
    "assumption": "계단식 보행 띠 디딤판 64: 한 단 0.155 m(가정), 깊이 0.90 m = 한 단 ÷ 길 경사, 폭 2.2 m(사진 눈대중). 단 수는 세지 않고 높이차에서 계산. 범위(차단기~은주관 옆)는 사용자 확정",
    "source": "사용자 사진 20·21·26·31, 거리뷰 09, SKU 영상 0:52~1:00, DAKNAT 영상 3:12~3:24·5:21~5:35, 사용자 답 2026-10-11",
    "stair": "G02-STEPPED-STRIP",
    "riseM": 0.155,
    "runM": 0.9,
    "widthM": 2.2
   },
   "geometry": {
    "type": "Polygon",
    "coordinates": [
     [
      [
       201109.44,
       557321.5
      ],
      [
       201110.25,
       557321.1
      ],
      [
       201111.22,
       557323.08
      ],
      [
       201110.42,
       557323.47
      ],
      [
       201109.44,
       557321.5
      ]
     ]
    ]
   }
  },
  {
   "type": "Feature",
   "properties": {
    "id": "G02-STRIP-T65",
    "type": "stair_step",
    "kind": "extrude",
    "estimated": true,
    "grade": "추정",
    "basePlane": "WAY",
    "fromM": 141.89,
    "toM": 142.06,
    "assumption": "계단식 보행 띠 디딤판 65: 한 단 0.155 m(가정), 깊이 0.90 m = 한 단 ÷ 길 경사, 폭 2.2 m(사진 눈대중). 단 수는 세지 않고 높이차에서 계산. 범위(차단기~은주관 옆)는 사용자 확정",
    "source": "사용자 사진 20·21·26·31, 거리뷰 09, SKU 영상 0:52~1:00, DAKNAT 영상 3:12~3:24·5:21~5:35, 사용자 답 2026-10-11",
    "stair": "G02-STEPPED-STRIP",
    "riseM": 0.155,
    "runM": 0.9,
    "widthM": 2.2
   },
   "geometry": {
    "type": "Polygon",
    "coordinates": [
     [
      [
       201110.25,
       557321.1
      ],
      [
       201111.06,
       557320.7
      ],
      [
       201112.03,
       557322.68
      ],
      [
       201111.22,
       557323.08
      ],
      [
       201110.25,
       557321.1
      ]
     ]
    ]
   }
  },
  {
   "type": "Feature",
   "properties": {
    "id": "G02-STRIP-T66",
    "type": "stair_step",
    "kind": "extrude",
    "estimated": true,
    "grade": "추정",
    "basePlane": "WAY",
    "fromM": 142.04,
    "toM": 142.22,
    "assumption": "계단식 보행 띠 디딤판 66: 한 단 0.155 m(가정), 깊이 0.90 m = 한 단 ÷ 길 경사, 폭 2.2 m(사진 눈대중). 단 수는 세지 않고 높이차에서 계산. 범위(차단기~은주관 옆)는 사용자 확정",
    "source": "사용자 사진 20·21·26·31, 거리뷰 09, SKU 영상 0:52~1:00, DAKNAT 영상 3:12~3:24·5:21~5:35, 사용자 답 2026-10-11",
    "stair": "G02-STEPPED-STRIP",
    "riseM": 0.155,
    "runM": 0.9,
    "widthM": 2.2
   },
   "geometry": {
    "type": "Polygon",
    "coordinates": [
     [
      [
       201111.06,
       557320.7
      ],
      [
       201111.87,
       557320.31
      ],
      [
       201112.84,
       557322.28
      ],
      [
       201112.03,
       557322.68
      ],
      [
       201111.06,
       557320.7
      ]
     ]
    ]
   }
  },
  {
   "type": "Feature",
   "properties": {
    "id": "G02-STRIP-T67",
    "type": "stair_step",
    "kind": "extrude",
    "estimated": true,
    "grade": "추정",
    "basePlane": "WAY",
    "fromM": 142.2,
    "toM": 142.37,
    "assumption": "계단식 보행 띠 디딤판 67: 한 단 0.155 m(가정), 깊이 0.90 m = 한 단 ÷ 길 경사, 폭 2.2 m(사진 눈대중). 단 수는 세지 않고 높이차에서 계산. 범위(차단기~은주관 옆)는 사용자 확정",
    "source": "사용자 사진 20·21·26·31, 거리뷰 09, SKU 영상 0:52~1:00, DAKNAT 영상 3:12~3:24·5:21~5:35, 사용자 답 2026-10-11",
    "stair": "G02-STEPPED-STRIP",
    "riseM": 0.155,
    "runM": 0.9,
    "widthM": 2.2
   },
   "geometry": {
    "type": "Polygon",
    "coordinates": [
     [
      [
       201111.87,
       557320.31
      ],
      [
       201112.68,
       557319.91
      ],
      [
       201113.65,
       557321.88
      ],
      [
       201112.84,
       557322.28
      ],
      [
       201111.87,
       557320.31
      ]
     ]
    ]
   }
  },
  {
   "type": "Feature",
   "properties": {
    "id": "G02-STRIP-T68",
    "type": "stair_step",
    "kind": "extrude",
    "estimated": true,
    "grade": "추정",
    "basePlane": "WAY",
    "fromM": 142.35,
    "toM": 142.53,
    "assumption": "계단식 보행 띠 디딤판 68: 한 단 0.155 m(가정), 깊이 0.90 m = 한 단 ÷ 길 경사, 폭 2.2 m(사진 눈대중). 단 수는 세지 않고 높이차에서 계산. 범위(차단기~은주관 옆)는 사용자 확정",
    "source": "사용자 사진 20·21·26·31, 거리뷰 09, SKU 영상 0:52~1:00, DAKNAT 영상 3:12~3:24·5:21~5:35, 사용자 답 2026-10-11",
    "stair": "G02-STEPPED-STRIP",
    "riseM": 0.155,
    "runM": 0.9,
    "widthM": 2.2
   },
   "geometry": {
    "type": "Polygon",
    "coordinates": [
     [
      [
       201112.68,
       557319.91
      ],
      [
       201113.49,
       557319.51
      ],
      [
       201114.46,
       557321.48
      ],
      [
       201113.65,
       557321.88
      ],
      [
       201112.68,
       557319.91
      ]
     ]
    ]
   }
  },
  {
   "type": "Feature",
   "properties": {
    "id": "G02-STRIP-T69",
    "type": "stair_step",
    "kind": "extrude",
    "estimated": true,
    "grade": "추정",
    "basePlane": "WAY",
    "fromM": 142.51,
    "toM": 142.68,
    "assumption": "계단식 보행 띠 디딤판 69: 한 단 0.155 m(가정), 깊이 0.90 m = 한 단 ÷ 길 경사, 폭 2.2 m(사진 눈대중). 단 수는 세지 않고 높이차에서 계산. 범위(차단기~은주관 옆)는 사용자 확정",
    "source": "사용자 사진 20·21·26·31, 거리뷰 09, SKU 영상 0:52~1:00, DAKNAT 영상 3:12~3:24·5:21~5:35, 사용자 답 2026-10-11",
    "stair": "G02-STEPPED-STRIP",
    "riseM": 0.155,
    "runM": 0.9,
    "widthM": 2.2
   },
   "geometry": {
    "type": "Polygon",
    "coordinates": [
     [
      [
       201113.49,
       557319.51
      ],
      [
       201114.3,
       557319.11
      ],
      [
       201115.27,
       557321.09
      ],
      [
       201114.46,
       557321.48
      ],
      [
       201113.49,
       557319.51
      ]
     ]
    ]
   }
  },
  {
   "type": "Feature",
   "properties": {
    "id": "G02-STRIP-T70",
    "type": "stair_step",
    "kind": "extrude",
    "estimated": true,
    "grade": "추정",
    "basePlane": "WAY",
    "fromM": 142.66,
    "toM": 142.84,
    "assumption": "계단식 보행 띠 디딤판 70: 한 단 0.155 m(가정), 깊이 0.90 m = 한 단 ÷ 길 경사, 폭 2.2 m(사진 눈대중). 단 수는 세지 않고 높이차에서 계산. 범위(차단기~은주관 옆)는 사용자 확정",
    "source": "사용자 사진 20·21·26·31, 거리뷰 09, SKU 영상 0:52~1:00, DAKNAT 영상 3:12~3:24·5:21~5:35, 사용자 답 2026-10-11",
    "stair": "G02-STEPPED-STRIP",
    "riseM": 0.155,
    "runM": 0.9,
    "widthM": 2.2
   },
   "geometry": {
    "type": "Polygon",
    "coordinates": [
     [
      [
       201114.3,
       557319.11
      ],
      [
       201115.11,
       557318.71
      ],
      [
       201116.08,
       557320.69
      ],
      [
       201115.27,
       557321.09
      ],
      [
       201114.3,
       557319.11
      ]
     ]
    ]
   }
  },
  {
   "type": "Feature",
   "properties": {
    "id": "G02-STRIP-T71",
    "type": "stair_step",
    "kind": "extrude",
    "estimated": true,
    "grade": "추정",
    "basePlane": "WAY",
    "fromM": 142.82,
    "toM": 142.99,
    "assumption": "계단식 보행 띠 디딤판 71: 한 단 0.155 m(가정), 깊이 0.90 m = 한 단 ÷ 길 경사, 폭 2.2 m(사진 눈대중). 단 수는 세지 않고 높이차에서 계산. 범위(차단기~은주관 옆)는 사용자 확정",
    "source": "사용자 사진 20·21·26·31, 거리뷰 09, SKU 영상 0:52~1:00, DAKNAT 영상 3:12~3:24·5:21~5:35, 사용자 답 2026-10-11",
    "stair": "G02-STEPPED-STRIP",
    "riseM": 0.155,
    "runM": 0.9,
    "widthM": 2.2
   },
   "geometry": {
    "type": "Polygon",
    "coordinates": [
     [
      [
       201115.11,
       557318.71
      ],
      [
       201115.92,
       557318.32
      ],
      [
       201116.89,
       557320.29
      ],
      [
       201116.08,
       557320.69
      ],
      [
       201115.11,
       557318.71
      ]
     ]
    ]
   }
  },
  {
   "type": "Feature",
   "properties": {
    "id": "G02-STRIP-T72",
    "type": "stair_step",
    "kind": "extrude",
    "estimated": true,
    "grade": "추정",
    "basePlane": "WAY",
    "fromM": 142.97,
    "toM": 143.15,
    "assumption": "계단식 보행 띠 디딤판 72: 한 단 0.155 m(가정), 깊이 0.90 m = 한 단 ÷ 길 경사, 폭 2.2 m(사진 눈대중). 단 수는 세지 않고 높이차에서 계산. 범위(차단기~은주관 옆)는 사용자 확정",
    "source": "사용자 사진 20·21·26·31, 거리뷰 09, SKU 영상 0:52~1:00, DAKNAT 영상 3:12~3:24·5:21~5:35, 사용자 답 2026-10-11",
    "stair": "G02-STEPPED-STRIP",
    "riseM": 0.155,
    "runM": 0.9,
    "widthM": 2.2
   },
   "geometry": {
    "type": "Polygon",
    "coordinates": [
     [
      [
       201115.92,
       557318.32
      ],
      [
       201116.73,
       557317.92
      ],
      [
       201117.7,
       557319.89
      ],
      [
       201116.89,
       557320.29
      ],
      [
       201115.92,
       557318.32
      ]
     ]
    ]
   }
  },
  {
   "type": "Feature",
   "properties": {
    "id": "G02-STRIP-T73",
    "type": "stair_step",
    "kind": "extrude",
    "estimated": true,
    "grade": "추정",
    "basePlane": "WAY",
    "fromM": 143.13,
    "toM": 143.3,
    "assumption": "계단식 보행 띠 디딤판 73: 한 단 0.155 m(가정), 깊이 0.90 m = 한 단 ÷ 길 경사, 폭 2.2 m(사진 눈대중). 단 수는 세지 않고 높이차에서 계산. 범위(차단기~은주관 옆)는 사용자 확정",
    "source": "사용자 사진 20·21·26·31, 거리뷰 09, SKU 영상 0:52~1:00, DAKNAT 영상 3:12~3:24·5:21~5:35, 사용자 답 2026-10-11",
    "stair": "G02-STEPPED-STRIP",
    "riseM": 0.155,
    "runM": 0.9,
    "widthM": 2.2
   },
   "geometry": {
    "type": "Polygon",
    "coordinates": [
     [
      [
       201116.73,
       557317.92
      ],
      [
       201117.54,
       557317.52
      ],
      [
       201118.51,
       557319.49
      ],
      [
       201117.7,
       557319.89
      ],
      [
       201116.73,
       557317.92
      ]
     ]
    ]
   }
  },
  {
   "type": "Feature",
   "properties": {
    "id": "G02-STRIP-T74",
    "type": "stair_step",
    "kind": "extrude",
    "estimated": true,
    "grade": "추정",
    "basePlane": "WAY",
    "fromM": 143.28,
    "toM": 143.46,
    "assumption": "계단식 보행 띠 디딤판 74: 한 단 0.155 m(가정), 깊이 0.90 m = 한 단 ÷ 길 경사, 폭 2.2 m(사진 눈대중). 단 수는 세지 않고 높이차에서 계산. 범위(차단기~은주관 옆)는 사용자 확정",
    "source": "사용자 사진 20·21·26·31, 거리뷰 09, SKU 영상 0:52~1:00, DAKNAT 영상 3:12~3:24·5:21~5:35, 사용자 답 2026-10-11",
    "stair": "G02-STEPPED-STRIP",
    "riseM": 0.155,
    "runM": 0.9,
    "widthM": 2.2
   },
   "geometry": {
    "type": "Polygon",
    "coordinates": [
     [
      [
       201117.54,
       557317.52
      ],
      [
       201118.35,
       557317.12
      ],
      [
       201119.32,
       557319.1
      ],
      [
       201118.51,
       557319.49
      ],
      [
       201117.54,
       557317.52
      ]
     ]
    ]
   }
  },
  {
   "type": "Feature",
   "properties": {
    "id": "G02-STRIP-T75",
    "type": "stair_step",
    "kind": "extrude",
    "estimated": true,
    "grade": "추정",
    "basePlane": "WAY",
    "fromM": 143.44,
    "toM": 143.61,
    "assumption": "계단식 보행 띠 디딤판 75: 한 단 0.155 m(가정), 깊이 0.90 m = 한 단 ÷ 길 경사, 폭 2.2 m(사진 눈대중). 단 수는 세지 않고 높이차에서 계산. 범위(차단기~은주관 옆)는 사용자 확정",
    "source": "사용자 사진 20·21·26·31, 거리뷰 09, SKU 영상 0:52~1:00, DAKNAT 영상 3:12~3:24·5:21~5:35, 사용자 답 2026-10-11",
    "stair": "G02-STEPPED-STRIP",
    "riseM": 0.155,
    "runM": 0.9,
    "widthM": 2.2
   },
   "geometry": {
    "type": "Polygon",
    "coordinates": [
     [
      [
       201118.35,
       557317.12
      ],
      [
       201119.16,
       557316.72
      ],
      [
       201120.13,
       557318.7
      ],
      [
       201119.32,
       557319.1
      ],
      [
       201118.35,
       557317.12
      ]
     ]
    ]
   }
  },
  {
   "type": "Feature",
   "properties": {
    "id": "G02-STRIP-T76",
    "type": "stair_step",
    "kind": "extrude",
    "estimated": true,
    "grade": "추정",
    "basePlane": "WAY",
    "fromM": 143.59,
    "toM": 143.77,
    "assumption": "계단식 보행 띠 디딤판 76: 한 단 0.155 m(가정), 깊이 0.90 m = 한 단 ÷ 길 경사, 폭 2.2 m(사진 눈대중). 단 수는 세지 않고 높이차에서 계산. 범위(차단기~은주관 옆)는 사용자 확정",
    "source": "사용자 사진 20·21·26·31, 거리뷰 09, SKU 영상 0:52~1:00, DAKNAT 영상 3:12~3:24·5:21~5:35, 사용자 답 2026-10-11",
    "stair": "G02-STEPPED-STRIP",
    "riseM": 0.155,
    "runM": 0.9,
    "widthM": 2.2
   },
   "geometry": {
    "type": "Polygon",
    "coordinates": [
     [
      [
       201119.16,
       557316.72
      ],
      [
       201119.97,
       557316.33
      ],
      [
       201120.94,
       557318.3
      ],
      [
       201120.13,
       557318.7
      ],
      [
       201119.16,
       557316.72
      ]
     ]
    ]
   }
  },
  {
   "type": "Feature",
   "properties": {
    "id": "G02-STRIP-T77",
    "type": "stair_step",
    "kind": "extrude",
    "estimated": true,
    "grade": "추정",
    "basePlane": "WAY",
    "fromM": 143.75,
    "toM": 143.92,
    "assumption": "계단식 보행 띠 디딤판 77: 한 단 0.155 m(가정), 깊이 0.90 m = 한 단 ÷ 길 경사, 폭 2.2 m(사진 눈대중). 단 수는 세지 않고 높이차에서 계산. 범위(차단기~은주관 옆)는 사용자 확정",
    "source": "사용자 사진 20·21·26·31, 거리뷰 09, SKU 영상 0:52~1:00, DAKNAT 영상 3:12~3:24·5:21~5:35, 사용자 답 2026-10-11",
    "stair": "G02-STEPPED-STRIP",
    "riseM": 0.155,
    "runM": 0.9,
    "widthM": 2.2
   },
   "geometry": {
    "type": "Polygon",
    "coordinates": [
     [
      [
       201119.97,
       557316.33
      ],
      [
       201120.78,
       557315.93
      ],
      [
       201121.75,
       557317.9
      ],
      [
       201120.94,
       557318.3
      ],
      [
       201119.97,
       557316.33
      ]
     ]
    ]
   }
  },
  {
   "type": "Feature",
   "properties": {
    "id": "G02-STRIP-T78",
    "type": "stair_step",
    "kind": "extrude",
    "estimated": true,
    "grade": "추정",
    "basePlane": "WAY",
    "fromM": 143.9,
    "toM": 144.08,
    "assumption": "계단식 보행 띠 디딤판 78: 한 단 0.155 m(가정), 깊이 0.90 m = 한 단 ÷ 길 경사, 폭 2.2 m(사진 눈대중). 단 수는 세지 않고 높이차에서 계산. 범위(차단기~은주관 옆)는 사용자 확정",
    "source": "사용자 사진 20·21·26·31, 거리뷰 09, SKU 영상 0:52~1:00, DAKNAT 영상 3:12~3:24·5:21~5:35, 사용자 답 2026-10-11",
    "stair": "G02-STEPPED-STRIP",
    "riseM": 0.155,
    "runM": 0.9,
    "widthM": 2.2
   },
   "geometry": {
    "type": "Polygon",
    "coordinates": [
     [
      [
       201120.78,
       557315.93
      ],
      [
       201121.59,
       557315.53
      ],
      [
       201122.56,
       557317.51
      ],
      [
       201121.75,
       557317.9
      ],
      [
       201120.78,
       557315.93
      ]
     ]
    ]
   }
  },
  {
   "type": "Feature",
   "properties": {
    "id": "G02-STRIP-T79",
    "type": "stair_step",
    "kind": "extrude",
    "estimated": true,
    "grade": "추정",
    "basePlane": "WAY",
    "fromM": 144.06,
    "toM": 144.23,
    "assumption": "계단식 보행 띠 디딤판 79: 한 단 0.155 m(가정), 깊이 0.90 m = 한 단 ÷ 길 경사, 폭 2.2 m(사진 눈대중). 단 수는 세지 않고 높이차에서 계산. 범위(차단기~은주관 옆)는 사용자 확정",
    "source": "사용자 사진 20·21·26·31, 거리뷰 09, SKU 영상 0:52~1:00, DAKNAT 영상 3:12~3:24·5:21~5:35, 사용자 답 2026-10-11",
    "stair": "G02-STEPPED-STRIP",
    "riseM": 0.155,
    "runM": 0.9,
    "widthM": 2.2
   },
   "geometry": {
    "type": "Polygon",
    "coordinates": [
     [
      [
       201121.59,
       557315.53
      ],
      [
       201122.4,
       557315.13
      ],
      [
       201123.37,
       557317.11
      ],
      [
       201122.56,
       557317.51
      ],
      [
       201121.59,
       557315.53
      ]
     ]
    ]
   }
  },
  {
   "type": "Feature",
   "properties": {
    "id": "G02-STRIP-T80",
    "type": "stair_step",
    "kind": "extrude",
    "estimated": true,
    "grade": "추정",
    "basePlane": "WAY",
    "fromM": 144.21,
    "toM": 144.39,
    "assumption": "계단식 보행 띠 디딤판 80: 한 단 0.155 m(가정), 깊이 0.90 m = 한 단 ÷ 길 경사, 폭 2.2 m(사진 눈대중). 단 수는 세지 않고 높이차에서 계산. 범위(차단기~은주관 옆)는 사용자 확정",
    "source": "사용자 사진 20·21·26·31, 거리뷰 09, SKU 영상 0:52~1:00, DAKNAT 영상 3:12~3:24·5:21~5:35, 사용자 답 2026-10-11",
    "stair": "G02-STEPPED-STRIP",
    "riseM": 0.155,
    "runM": 0.9,
    "widthM": 2.2
   },
   "geometry": {
    "type": "Polygon",
    "coordinates": [
     [
      [
       201122.4,
       557315.13
      ],
      [
       201123.2,
       557314.73
      ],
      [
       201124.18,
       557316.71
      ],
      [
       201123.37,
       557317.11
      ],
      [
       201122.4,
       557315.13
      ]
     ]
    ]
   }
  },
  {
   "type": "Feature",
   "properties": {
    "id": "G02-STRIP-T81",
    "type": "stair_step",
    "kind": "extrude",
    "estimated": true,
    "grade": "추정",
    "basePlane": "WAY",
    "fromM": 144.37,
    "toM": 144.54,
    "assumption": "계단식 보행 띠 디딤판 81: 한 단 0.155 m(가정), 깊이 0.90 m = 한 단 ÷ 길 경사, 폭 2.2 m(사진 눈대중). 단 수는 세지 않고 높이차에서 계산. 범위(차단기~은주관 옆)는 사용자 확정",
    "source": "사용자 사진 20·21·26·31, 거리뷰 09, SKU 영상 0:52~1:00, DAKNAT 영상 3:12~3:24·5:21~5:35, 사용자 답 2026-10-11",
    "stair": "G02-STEPPED-STRIP",
    "riseM": 0.155,
    "runM": 0.9,
    "widthM": 2.2
   },
   "geometry": {
    "type": "Polygon",
    "coordinates": [
     [
      [
       201123.2,
       557314.73
      ],
      [
       201124.01,
       557314.34
      ],
      [
       201124.99,
       557316.31
      ],
      [
       201124.18,
       557316.71
      ],
      [
       201123.2,
       557314.73
      ]
     ]
    ]
   }
  },
  {
   "type": "Feature",
   "properties": {
    "id": "G02-STRIP-T82",
    "type": "stair_step",
    "kind": "extrude",
    "estimated": true,
    "grade": "추정",
    "basePlane": "WAY",
    "fromM": 144.52,
    "toM": 144.7,
    "assumption": "계단식 보행 띠 디딤판 82: 한 단 0.155 m(가정), 깊이 0.90 m = 한 단 ÷ 길 경사, 폭 2.2 m(사진 눈대중). 단 수는 세지 않고 높이차에서 계산. 범위(차단기~은주관 옆)는 사용자 확정",
    "source": "사용자 사진 20·21·26·31, 거리뷰 09, SKU 영상 0:52~1:00, DAKNAT 영상 3:12~3:24·5:21~5:35, 사용자 답 2026-10-11",
    "stair": "G02-STEPPED-STRIP",
    "riseM": 0.155,
    "runM": 0.9,
    "widthM": 2.2
   },
   "geometry": {
    "type": "Polygon",
    "coordinates": [
     [
      [
       201124.01,
       557314.34
      ],
      [
       201124.82,
       557313.94
      ],
      [
       201125.79,
       557315.91
      ],
      [
       201124.99,
       557316.31
      ],
      [
       201124.01,
       557314.34
      ]
     ]
    ]
   }
  },
  {
   "type": "Feature",
   "properties": {
    "id": "G02-STRIP-T83",
    "type": "stair_step",
    "kind": "extrude",
    "estimated": true,
    "grade": "추정",
    "basePlane": "WAY",
    "fromM": 144.68,
    "toM": 144.85,
    "assumption": "계단식 보행 띠 디딤판 83: 한 단 0.155 m(가정), 깊이 0.90 m = 한 단 ÷ 길 경사, 폭 2.2 m(사진 눈대중). 단 수는 세지 않고 높이차에서 계산. 범위(차단기~은주관 옆)는 사용자 확정",
    "source": "사용자 사진 20·21·26·31, 거리뷰 09, SKU 영상 0:52~1:00, DAKNAT 영상 3:12~3:24·5:21~5:35, 사용자 답 2026-10-11",
    "stair": "G02-STEPPED-STRIP",
    "riseM": 0.155,
    "runM": 0.9,
    "widthM": 2.2
   },
   "geometry": {
    "type": "Polygon",
    "coordinates": [
     [
      [
       201124.82,
       557313.94
      ],
      [
       201125.63,
       557313.54
      ],
      [
       201126.6,
       557315.52
      ],
      [
       201125.79,
       557315.91
      ],
      [
       201124.82,
       557313.94
      ]
     ]
    ]
   }
  },
  {
   "type": "Feature",
   "properties": {
    "id": "G02-STRIP-T84",
    "type": "stair_step",
    "kind": "extrude",
    "estimated": true,
    "grade": "추정",
    "basePlane": "WAY",
    "fromM": 144.83,
    "toM": 145.01,
    "assumption": "계단식 보행 띠 디딤판 84: 한 단 0.155 m(가정), 깊이 0.90 m = 한 단 ÷ 길 경사, 폭 2.2 m(사진 눈대중). 단 수는 세지 않고 높이차에서 계산. 범위(차단기~은주관 옆)는 사용자 확정",
    "source": "사용자 사진 20·21·26·31, 거리뷰 09, SKU 영상 0:52~1:00, DAKNAT 영상 3:12~3:24·5:21~5:35, 사용자 답 2026-10-11",
    "stair": "G02-STEPPED-STRIP",
    "riseM": 0.155,
    "runM": 0.9,
    "widthM": 2.2
   },
   "geometry": {
    "type": "Polygon",
    "coordinates": [
     [
      [
       201125.63,
       557313.54
      ],
      [
       201126.44,
       557313.14
      ],
      [
       201127.41,
       557315.12
      ],
      [
       201126.6,
       557315.52
      ],
      [
       201125.63,
       557313.54
      ]
     ]
    ]
   }
  },
  {
   "type": "Feature",
   "properties": {
    "id": "G02-STRIP-T85",
    "type": "stair_step",
    "kind": "extrude",
    "estimated": true,
    "grade": "추정",
    "basePlane": "WAY",
    "fromM": 144.99,
    "toM": 145.16,
    "assumption": "계단식 보행 띠 디딤판 85: 한 단 0.155 m(가정), 깊이 0.90 m = 한 단 ÷ 길 경사, 폭 2.2 m(사진 눈대중). 단 수는 세지 않고 높이차에서 계산. 범위(차단기~은주관 옆)는 사용자 확정",
    "source": "사용자 사진 20·21·26·31, 거리뷰 09, SKU 영상 0:52~1:00, DAKNAT 영상 3:12~3:24·5:21~5:35, 사용자 답 2026-10-11",
    "stair": "G02-STEPPED-STRIP",
    "riseM": 0.155,
    "runM": 0.9,
    "widthM": 2.2
   },
   "geometry": {
    "type": "Polygon",
    "coordinates": [
     [
      [
       201126.44,
       557313.14
      ],
      [
       201127.25,
       557312.75
      ],
      [
       201128.22,
       557314.72
      ],
      [
       201127.41,
       557315.12
      ],
      [
       201126.44,
       557313.14
      ]
     ]
    ]
   }
  },
  {
   "type": "Feature",
   "properties": {
    "id": "G02-STRIP-T86",
    "type": "stair_step",
    "kind": "extrude",
    "estimated": true,
    "grade": "추정",
    "basePlane": "WAY",
    "fromM": 145.14,
    "toM": 145.32,
    "assumption": "계단식 보행 띠 디딤판 86: 한 단 0.155 m(가정), 깊이 0.90 m = 한 단 ÷ 길 경사, 폭 2.2 m(사진 눈대중). 단 수는 세지 않고 높이차에서 계산. 범위(차단기~은주관 옆)는 사용자 확정",
    "source": "사용자 사진 20·21·26·31, 거리뷰 09, SKU 영상 0:52~1:00, DAKNAT 영상 3:12~3:24·5:21~5:35, 사용자 답 2026-10-11",
    "stair": "G02-STEPPED-STRIP",
    "riseM": 0.155,
    "runM": 0.9,
    "widthM": 2.2
   },
   "geometry": {
    "type": "Polygon",
    "coordinates": [
     [
      [
       201127.25,
       557312.75
      ],
      [
       201128.06,
       557312.35
      ],
      [
       201129.03,
       557314.32
      ],
      [
       201128.22,
       557314.72
      ],
      [
       201127.25,
       557312.75
      ]
     ]
    ]
   }
  },
  {
   "type": "Feature",
   "properties": {
    "id": "G02-STRIP-T87",
    "type": "stair_step",
    "kind": "extrude",
    "estimated": true,
    "grade": "추정",
    "basePlane": "WAY",
    "fromM": 145.3,
    "toM": 145.47,
    "assumption": "계단식 보행 띠 디딤판 87: 한 단 0.155 m(가정), 깊이 0.90 m = 한 단 ÷ 길 경사, 폭 2.2 m(사진 눈대중). 단 수는 세지 않고 높이차에서 계산. 범위(차단기~은주관 옆)는 사용자 확정",
    "source": "사용자 사진 20·21·26·31, 거리뷰 09, SKU 영상 0:52~1:00, DAKNAT 영상 3:12~3:24·5:21~5:35, 사용자 답 2026-10-11",
    "stair": "G02-STEPPED-STRIP",
    "riseM": 0.155,
    "runM": 0.9,
    "widthM": 2.2
   },
   "geometry": {
    "type": "Polygon",
    "coordinates": [
     [
      [
       201128.06,
       557312.35
      ],
      [
       201128.87,
       557311.95
      ],
      [
       201129.84,
       557313.92
      ],
      [
       201129.03,
       557314.32
      ],
      [
       201128.06,
       557312.35
      ]
     ]
    ]
   }
  },
  {
   "type": "Feature",
   "properties": {
    "id": "G02-STRIP-T88",
    "type": "stair_step",
    "kind": "extrude",
    "estimated": true,
    "grade": "추정",
    "basePlane": "WAY",
    "fromM": 145.45,
    "toM": 145.63,
    "assumption": "계단식 보행 띠 디딤판 88: 한 단 0.155 m(가정), 깊이 0.90 m = 한 단 ÷ 길 경사, 폭 2.2 m(사진 눈대중). 단 수는 세지 않고 높이차에서 계산. 범위(차단기~은주관 옆)는 사용자 확정",
    "source": "사용자 사진 20·21·26·31, 거리뷰 09, SKU 영상 0:52~1:00, DAKNAT 영상 3:12~3:24·5:21~5:35, 사용자 답 2026-10-11",
    "stair": "G02-STEPPED-STRIP",
    "riseM": 0.155,
    "runM": 0.9,
    "widthM": 2.2
   },
   "geometry": {
    "type": "Polygon",
    "coordinates": [
     [
      [
       201128.87,
       557311.95
      ],
      [
       201129.68,
       557311.55
      ],
      [
       201130.65,
       557313.53
      ],
      [
       201129.84,
       557313.92
      ],
      [
       201128.87,
       557311.95
      ]
     ]
    ]
   }
  },
  {
   "type": "Feature",
   "properties": {
    "id": "G02-STRIP-T89",
    "type": "stair_step",
    "kind": "extrude",
    "estimated": true,
    "grade": "추정",
    "basePlane": "WAY",
    "fromM": 145.61,
    "toM": 145.78,
    "assumption": "계단식 보행 띠 디딤판 89: 한 단 0.155 m(가정), 깊이 0.90 m = 한 단 ÷ 길 경사, 폭 2.2 m(사진 눈대중). 단 수는 세지 않고 높이차에서 계산. 범위(차단기~은주관 옆)는 사용자 확정",
    "source": "사용자 사진 20·21·26·31, 거리뷰 09, SKU 영상 0:52~1:00, DAKNAT 영상 3:12~3:24·5:21~5:35, 사용자 답 2026-10-11",
    "stair": "G02-STEPPED-STRIP",
    "riseM": 0.155,
    "runM": 0.9,
    "widthM": 2.2
   },
   "geometry": {
    "type": "Polygon",
    "coordinates": [
     [
      [
       201129.68,
       557311.55
      ],
      [
       201130.49,
       557311.15
      ],
      [
       201131.46,
       557313.13
      ],
      [
       201130.65,
       557313.53
      ],
      [
       201129.68,
       557311.55
      ]
     ]
    ]
   }
  },
  {
   "type": "Feature",
   "properties": {
    "id": "G02-STRIP-T90",
    "type": "stair_step",
    "kind": "extrude",
    "estimated": true,
    "grade": "추정",
    "basePlane": "WAY",
    "fromM": 145.76,
    "toM": 145.94,
    "assumption": "계단식 보행 띠 디딤판 90: 한 단 0.155 m(가정), 깊이 0.90 m = 한 단 ÷ 길 경사, 폭 2.2 m(사진 눈대중). 단 수는 세지 않고 높이차에서 계산. 범위(차단기~은주관 옆)는 사용자 확정",
    "source": "사용자 사진 20·21·26·31, 거리뷰 09, SKU 영상 0:52~1:00, DAKNAT 영상 3:12~3:24·5:21~5:35, 사용자 답 2026-10-11",
    "stair": "G02-STEPPED-STRIP",
    "riseM": 0.155,
    "runM": 0.9,
    "widthM": 2.2
   },
   "geometry": {
    "type": "Polygon",
    "coordinates": [
     [
      [
       201130.49,
       557311.15
      ],
      [
       201131.3,
       557310.76
      ],
      [
       201132.27,
       557312.73
      ],
      [
       201131.46,
       557313.13
      ],
      [
       201130.49,
       557311.15
      ]
     ]
    ]
   }
  },
  {
   "type": "Feature",
   "properties": {
    "id": "G02-STRIP-T91",
    "type": "stair_step",
    "kind": "extrude",
    "estimated": true,
    "grade": "추정",
    "basePlane": "WAY",
    "fromM": 145.92,
    "toM": 146.09,
    "assumption": "계단식 보행 띠 디딤판 91: 한 단 0.155 m(가정), 깊이 0.90 m = 한 단 ÷ 길 경사, 폭 2.2 m(사진 눈대중). 단 수는 세지 않고 높이차에서 계산. 범위(차단기~은주관 옆)는 사용자 확정",
    "source": "사용자 사진 20·21·26·31, 거리뷰 09, SKU 영상 0:52~1:00, DAKNAT 영상 3:12~3:24·5:21~5:35, 사용자 답 2026-10-11",
    "stair": "G02-STEPPED-STRIP",
    "riseM": 0.155,
    "runM": 0.9,
    "widthM": 2.2
   },
   "geometry": {
    "type": "Polygon",
    "coordinates": [
     [
      [
       201131.3,
       557310.76
      ],
      [
       201132.11,
       557310.36
      ],
      [
       201133.08,
       557312.33
      ],
      [
       201132.27,
       557312.73
      ],
      [
       201131.3,
       557310.76
      ]
     ]
    ]
   }
  },
  {
   "type": "Feature",
   "properties": {
    "id": "G02-STRIP-T92",
    "type": "stair_step",
    "kind": "extrude",
    "estimated": true,
    "grade": "추정",
    "basePlane": "WAY",
    "fromM": 146.07,
    "toM": 146.25,
    "assumption": "계단식 보행 띠 디딤판 92: 한 단 0.155 m(가정), 깊이 0.90 m = 한 단 ÷ 길 경사, 폭 2.2 m(사진 눈대중). 단 수는 세지 않고 높이차에서 계산. 범위(차단기~은주관 옆)는 사용자 확정",
    "source": "사용자 사진 20·21·26·31, 거리뷰 09, SKU 영상 0:52~1:00, DAKNAT 영상 3:12~3:24·5:21~5:35, 사용자 답 2026-10-11",
    "stair": "G02-STEPPED-STRIP",
    "riseM": 0.155,
    "runM": 0.9,
    "widthM": 2.2
   },
   "geometry": {
    "type": "Polygon",
    "coordinates": [
     [
      [
       201132.11,
       557310.36
      ],
      [
       201132.92,
       557309.96
      ],
      [
       201133.89,
       557311.93
      ],
      [
       201133.08,
       557312.33
      ],
      [
       201132.11,
       557310.36
      ]
     ]
    ]
   }
  },
  {
   "type": "Feature",
   "properties": {
    "id": "G02-STRIP-T93",
    "type": "stair_step",
    "kind": "extrude",
    "estimated": true,
    "grade": "추정",
    "basePlane": "WAY",
    "fromM": 146.23,
    "toM": 146.4,
    "assumption": "계단식 보행 띠 디딤판 93: 한 단 0.155 m(가정), 깊이 0.90 m = 한 단 ÷ 길 경사, 폭 2.2 m(사진 눈대중). 단 수는 세지 않고 높이차에서 계산. 범위(차단기~은주관 옆)는 사용자 확정",
    "source": "사용자 사진 20·21·26·31, 거리뷰 09, SKU 영상 0:52~1:00, DAKNAT 영상 3:12~3:24·5:21~5:35, 사용자 답 2026-10-11",
    "stair": "G02-STEPPED-STRIP",
    "riseM": 0.155,
    "runM": 0.9,
    "widthM": 2.2
   },
   "geometry": {
    "type": "Polygon",
    "coordinates": [
     [
      [
       201132.92,
       557309.96
      ],
      [
       201133.73,
       557309.56
      ],
      [
       201134.7,
       557311.54
      ],
      [
       201133.89,
       557311.93
      ],
      [
       201132.92,
       557309.96
      ]
     ]
    ]
   }
  },
  {
   "type": "Feature",
   "properties": {
    "id": "G02-STRIP-T94",
    "type": "stair_step",
    "kind": "extrude",
    "estimated": true,
    "grade": "추정",
    "basePlane": "WAY",
    "fromM": 146.38,
    "toM": 146.56,
    "assumption": "계단식 보행 띠 디딤판 94: 한 단 0.155 m(가정), 깊이 0.90 m = 한 단 ÷ 길 경사, 폭 2.2 m(사진 눈대중). 단 수는 세지 않고 높이차에서 계산. 범위(차단기~은주관 옆)는 사용자 확정",
    "source": "사용자 사진 20·21·26·31, 거리뷰 09, SKU 영상 0:52~1:00, DAKNAT 영상 3:12~3:24·5:21~5:35, 사용자 답 2026-10-11",
    "stair": "G02-STEPPED-STRIP",
    "riseM": 0.155,
    "runM": 0.9,
    "widthM": 2.2
   },
   "geometry": {
    "type": "Polygon",
    "coordinates": [
     [
      [
       201133.73,
       557309.56
      ],
      [
       201134.54,
       557309.16
      ],
      [
       201135.51,
       557311.14
      ],
      [
       201134.7,
       557311.54
      ],
      [
       201133.73,
       557309.56
      ]
     ]
    ]
   }
  },
  {
   "type": "Feature",
   "properties": {
    "id": "G02-STRIP-T95",
    "type": "stair_step",
    "kind": "extrude",
    "estimated": true,
    "grade": "추정",
    "basePlane": "WAY",
    "fromM": 146.54,
    "toM": 146.71,
    "assumption": "계단식 보행 띠 디딤판 95: 한 단 0.155 m(가정), 깊이 0.90 m = 한 단 ÷ 길 경사, 폭 2.2 m(사진 눈대중). 단 수는 세지 않고 높이차에서 계산. 범위(차단기~은주관 옆)는 사용자 확정",
    "source": "사용자 사진 20·21·26·31, 거리뷰 09, SKU 영상 0:52~1:00, DAKNAT 영상 3:12~3:24·5:21~5:35, 사용자 답 2026-10-11",
    "stair": "G02-STEPPED-STRIP",
    "riseM": 0.155,
    "runM": 0.9,
    "widthM": 2.2
   },
   "geometry": {
    "type": "Polygon",
    "coordinates": [
     [
      [
       201134.54,
       557309.16
      ],
      [
       201135.35,
       557308.77
      ],
      [
       201136.32,
       557310.74
      ],
      [
       201135.51,
       557311.14
      ],
      [
       201134.54,
       557309.16
      ]
     ]
    ]
   }
  },
  {
   "type": "Feature",
   "properties": {
    "id": "G02-STRIP-T96",
    "type": "stair_step",
    "kind": "extrude",
    "estimated": true,
    "grade": "추정",
    "basePlane": "WAY",
    "fromM": 146.69,
    "toM": 146.87,
    "assumption": "계단식 보행 띠 디딤판 96: 한 단 0.155 m(가정), 깊이 0.90 m = 한 단 ÷ 길 경사, 폭 2.2 m(사진 눈대중). 단 수는 세지 않고 높이차에서 계산. 범위(차단기~은주관 옆)는 사용자 확정",
    "source": "사용자 사진 20·21·26·31, 거리뷰 09, SKU 영상 0:52~1:00, DAKNAT 영상 3:12~3:24·5:21~5:35, 사용자 답 2026-10-11",
    "stair": "G02-STEPPED-STRIP",
    "riseM": 0.155,
    "runM": 0.9,
    "widthM": 2.2
   },
   "geometry": {
    "type": "Polygon",
    "coordinates": [
     [
      [
       201135.35,
       557308.77
      ],
      [
       201136.16,
       557308.37
      ],
      [
       201137.13,
       557310.34
      ],
      [
       201136.32,
       557310.74
      ],
      [
       201135.35,
       557308.77
      ]
     ]
    ]
   }
  },
  {
   "type": "Feature",
   "properties": {
    "id": "G02-STRIP-T97",
    "type": "stair_step",
    "kind": "extrude",
    "estimated": true,
    "grade": "추정",
    "basePlane": "WAY",
    "fromM": 146.85,
    "toM": 147.02,
    "assumption": "계단식 보행 띠 디딤판 97: 한 단 0.155 m(가정), 깊이 0.90 m = 한 단 ÷ 길 경사, 폭 2.2 m(사진 눈대중). 단 수는 세지 않고 높이차에서 계산. 범위(차단기~은주관 옆)는 사용자 확정",
    "source": "사용자 사진 20·21·26·31, 거리뷰 09, SKU 영상 0:52~1:00, DAKNAT 영상 3:12~3:24·5:21~5:35, 사용자 답 2026-10-11",
    "stair": "G02-STEPPED-STRIP",
    "riseM": 0.155,
    "runM": 0.9,
    "widthM": 2.2
   },
   "geometry": {
    "type": "Polygon",
    "coordinates": [
     [
      [
       201136.16,
       557308.37
      ],
      [
       201136.97,
       557307.97
      ],
      [
       201137.94,
       557309.94
      ],
      [
       201137.13,
       557310.34
      ],
      [
       201136.16,
       557308.37
      ]
     ]
    ]
   }
  },
  {
   "type": "Feature",
   "properties": {
    "id": "G02-STRIP-T98",
    "type": "stair_step",
    "kind": "extrude",
    "estimated": true,
    "grade": "추정",
    "basePlane": "WAY",
    "fromM": 147.0,
    "toM": 147.18,
    "assumption": "계단식 보행 띠 디딤판 98: 한 단 0.155 m(가정), 깊이 0.90 m = 한 단 ÷ 길 경사, 폭 2.2 m(사진 눈대중). 단 수는 세지 않고 높이차에서 계산. 범위(차단기~은주관 옆)는 사용자 확정",
    "source": "사용자 사진 20·21·26·31, 거리뷰 09, SKU 영상 0:52~1:00, DAKNAT 영상 3:12~3:24·5:21~5:35, 사용자 답 2026-10-11",
    "stair": "G02-STEPPED-STRIP",
    "riseM": 0.155,
    "runM": 0.9,
    "widthM": 2.2
   },
   "geometry": {
    "type": "Polygon",
    "coordinates": [
     [
      [
       201136.97,
       557307.97
      ],
      [
       201137.77,
       557307.57
      ],
      [
       201138.75,
       557309.55
      ],
      [
       201137.94,
       557309.94
      ],
      [
       201136.97,
       557307.97
      ]
     ]
    ]
   }
  },
  {
   "type": "Feature",
   "properties": {
    "id": "G02-STRIP-T99",
    "type": "stair_step",
    "kind": "extrude",
    "estimated": true,
    "grade": "추정",
    "basePlane": "WAY",
    "fromM": 147.16,
    "toM": 147.33,
    "assumption": "계단식 보행 띠 디딤판 99: 한 단 0.155 m(가정), 깊이 0.90 m = 한 단 ÷ 길 경사, 폭 2.2 m(사진 눈대중). 단 수는 세지 않고 높이차에서 계산. 범위(차단기~은주관 옆)는 사용자 확정",
    "source": "사용자 사진 20·21·26·31, 거리뷰 09, SKU 영상 0:52~1:00, DAKNAT 영상 3:12~3:24·5:21~5:35, 사용자 답 2026-10-11",
    "stair": "G02-STEPPED-STRIP",
    "riseM": 0.155,
    "runM": 0.9,
    "widthM": 2.2
   },
   "geometry": {
    "type": "Polygon",
    "coordinates": [
     [
      [
       201137.77,
       557307.57
      ],
      [
       201138.58,
       557307.17
      ],
      [
       201139.55,
       557309.15
      ],
      [
       201138.75,
       557309.55
      ],
      [
       201137.77,
       557307.57
      ]
     ]
    ]
   }
  },
  {
   "type": "Feature",
   "properties": {
    "id": "G02-STRIP-T100",
    "type": "stair_step",
    "kind": "extrude",
    "estimated": true,
    "grade": "추정",
    "basePlane": "WAY",
    "fromM": 147.31,
    "toM": 147.49,
    "assumption": "계단식 보행 띠 디딤판 100: 한 단 0.155 m(가정), 깊이 0.90 m = 한 단 ÷ 길 경사, 폭 2.2 m(사진 눈대중). 단 수는 세지 않고 높이차에서 계산. 범위(차단기~은주관 옆)는 사용자 확정",
    "source": "사용자 사진 20·21·26·31, 거리뷰 09, SKU 영상 0:52~1:00, DAKNAT 영상 3:12~3:24·5:21~5:35, 사용자 답 2026-10-11",
    "stair": "G02-STEPPED-STRIP",
    "riseM": 0.155,
    "runM": 0.9,
    "widthM": 2.2
   },
   "geometry": {
    "type": "Polygon",
    "coordinates": [
     [
      [
       201138.58,
       557307.17
      ],
      [
       201139.39,
       557306.78
      ],
      [
       201140.36,
       557308.75
      ],
      [
       201139.55,
       557309.15
      ],
      [
       201138.58,
       557307.17
      ]
     ]
    ]
   }
  },
  {
   "type": "Feature",
   "properties": {
    "id": "G02-STRIP-T101",
    "type": "stair_step",
    "kind": "extrude",
    "estimated": true,
    "grade": "추정",
    "basePlane": "WAY",
    "fromM": 147.47,
    "toM": 147.54,
    "assumption": "계단식 보행 띠 디딤판 101: 한 단 0.155 m(가정), 깊이 0.32 m = 한 단 ÷ 길 경사, 폭 2.2 m(사진 눈대중). 단 수는 세지 않고 높이차에서 계산. 범위(차단기~은주관 옆)는 사용자 확정",
    "source": "사용자 사진 20·21·26·31, 거리뷰 09, SKU 영상 0:52~1:00, DAKNAT 영상 3:12~3:24·5:21~5:35, 사용자 답 2026-10-11",
    "stair": "G02-STEPPED-STRIP",
    "riseM": 0.155,
    "runM": 0.32,
    "widthM": 2.2
   },
   "geometry": {
    "type": "Polygon",
    "coordinates": [
     [
      [
       201139.39,
       557306.78
      ],
      [
       201139.68,
       557306.63
      ],
      [
       201140.65,
       557308.61
      ],
      [
       201140.36,
       557308.75
      ],
      [
       201139.39,
       557306.78
      ]
     ]
    ]
   }
  },
  {
   "type": "Feature",
   "properties": {
    "id": "G02-SWALL-03",
    "type": "planter",
    "kind": "extrude",
    "estimated": true,
    "grade": "추정",
    "basePlane": "WAY",
    "fromM": 131.79,
    "toM": 132.9,
    "assumption": "남쪽 화단(흰 거친 돌 옹벽 + 소나무): 윗면 = 길 경사면 + 1.0 m(허리 높이, 추정 0.9~1.2), 폭 1.4 m(추정). s 59.3~63.3 은 본관으로 통하는 문 앞이라 비움(자리 추정 ±3 m)",
    "source": "사용자 사진 20·21·26·31, 거리뷰 09, SKU 영상 0:52~1:00, DAKNAT 영상 3:12~3:24·5:21~5:35, SKU 0:58 \"오른쪽엔 본관으로 통하는 통로\""
   },
   "geometry": {
    "type": "Polygon",
    "coordinates": [
     [
      [
       201044.8,
       557344.15
      ],
      [
       201046.59,
       557343.26
      ],
      [
       201047.21,
       557344.52
      ],
      [
       201045.42,
       557345.4
      ],
      [
       201044.8,
       557344.15
      ]
     ]
    ]
   }
  },
  {
   "type": "Feature",
   "properties": {
    "id": "G02-SWALL-05",
    "type": "planter",
    "kind": "extrude",
    "estimated": true,
    "grade": "추정",
    "basePlane": "WAY",
    "fromM": 132.02,
    "toM": 133.14,
    "assumption": "남쪽 화단(흰 거친 돌 옹벽 + 소나무): 윗면 = 길 경사면 + 1.0 m(허리 높이, 추정 0.9~1.2), 폭 1.4 m(추정). s 59.3~63.3 은 본관으로 통하는 문 앞이라 비움(자리 추정 ±3 m)",
    "source": "사용자 사진 20·21·26·31, 거리뷰 09, SKU 영상 0:52~1:00, DAKNAT 영상 3:12~3:24·5:21~5:35, SKU 0:58 \"오른쪽엔 본관으로 통하는 통로\""
   },
   "geometry": {
    "type": "Polygon",
    "coordinates": [
     [
      [
       201046.59,
       557343.26
      ],
      [
       201048.39,
       557342.38
      ],
      [
       201049.01,
       557343.64
      ],
      [
       201047.21,
       557344.52
      ],
      [
       201046.59,
       557343.26
      ]
     ]
    ]
   }
  },
  {
   "type": "Feature",
   "properties": {
    "id": "G02-SWALL-07",
    "type": "planter",
    "kind": "extrude",
    "estimated": true,
    "grade": "추정",
    "basePlane": "WAY",
    "fromM": 132.26,
    "toM": 133.37,
    "assumption": "남쪽 화단(흰 거친 돌 옹벽 + 소나무): 윗면 = 길 경사면 + 1.0 m(허리 높이, 추정 0.9~1.2), 폭 1.4 m(추정). s 59.3~63.3 은 본관으로 통하는 문 앞이라 비움(자리 추정 ±3 m)",
    "source": "사용자 사진 20·21·26·31, 거리뷰 09, SKU 영상 0:52~1:00, DAKNAT 영상 3:12~3:24·5:21~5:35, SKU 0:58 \"오른쪽엔 본관으로 통하는 통로\""
   },
   "geometry": {
    "type": "Polygon",
    "coordinates": [
     [
      [
       201048.39,
       557342.38
      ],
      [
       201050.18,
       557341.5
      ],
      [
       201050.8,
       557342.76
      ],
      [
       201049.01,
       557343.64
      ],
      [
       201048.39,
       557342.38
      ]
     ]
    ]
   }
  },
  {
   "type": "Feature",
   "properties": {
    "id": "G02-SWALL-09",
    "type": "planter",
    "kind": "extrude",
    "estimated": true,
    "grade": "추정",
    "basePlane": "WAY",
    "fromM": 132.49,
    "toM": 133.61,
    "assumption": "남쪽 화단(흰 거친 돌 옹벽 + 소나무): 윗면 = 길 경사면 + 1.0 m(허리 높이, 추정 0.9~1.2), 폭 1.4 m(추정). s 59.3~63.3 은 본관으로 통하는 문 앞이라 비움(자리 추정 ±3 m)",
    "source": "사용자 사진 20·21·26·31, 거리뷰 09, SKU 영상 0:52~1:00, DAKNAT 영상 3:12~3:24·5:21~5:35, SKU 0:58 \"오른쪽엔 본관으로 통하는 통로\""
   },
   "geometry": {
    "type": "Polygon",
    "coordinates": [
     [
      [
       201050.18,
       557341.5
      ],
      [
       201051.98,
       557340.62
      ],
      [
       201052.6,
       557341.87
      ],
      [
       201050.8,
       557342.76
      ],
      [
       201050.18,
       557341.5
      ]
     ]
    ]
   }
  },
  {
   "type": "Feature",
   "properties": {
    "id": "G02-SWALL-11",
    "type": "planter",
    "kind": "extrude",
    "estimated": true,
    "grade": "추정",
    "basePlane": "WAY",
    "fromM": 132.73,
    "toM": 133.84,
    "assumption": "남쪽 화단(흰 거친 돌 옹벽 + 소나무): 윗면 = 길 경사면 + 1.0 m(허리 높이, 추정 0.9~1.2), 폭 1.4 m(추정). s 59.3~63.3 은 본관으로 통하는 문 앞이라 비움(자리 추정 ±3 m)",
    "source": "사용자 사진 20·21·26·31, 거리뷰 09, SKU 영상 0:52~1:00, DAKNAT 영상 3:12~3:24·5:21~5:35, SKU 0:58 \"오른쪽엔 본관으로 통하는 통로\""
   },
   "geometry": {
    "type": "Polygon",
    "coordinates": [
     [
      [
       201051.98,
       557340.62
      ],
      [
       201053.77,
       557339.73
      ],
      [
       201054.39,
       557340.99
      ],
      [
       201052.6,
       557341.87
      ],
      [
       201051.98,
       557340.62
      ]
     ]
    ]
   }
  },
  {
   "type": "Feature",
   "properties": {
    "id": "G02-SWALL-13",
    "type": "planter",
    "kind": "extrude",
    "estimated": true,
    "grade": "추정",
    "basePlane": "WAY",
    "fromM": 132.96,
    "toM": 134.08,
    "assumption": "남쪽 화단(흰 거친 돌 옹벽 + 소나무): 윗면 = 길 경사면 + 1.0 m(허리 높이, 추정 0.9~1.2), 폭 1.4 m(추정). s 59.3~63.3 은 본관으로 통하는 문 앞이라 비움(자리 추정 ±3 m)",
    "source": "사용자 사진 20·21·26·31, 거리뷰 09, SKU 영상 0:52~1:00, DAKNAT 영상 3:12~3:24·5:21~5:35, SKU 0:58 \"오른쪽엔 본관으로 통하는 통로\""
   },
   "geometry": {
    "type": "Polygon",
    "coordinates": [
     [
      [
       201053.77,
       557339.73
      ],
      [
       201055.57,
       557338.85
      ],
      [
       201056.19,
       557340.11
      ],
      [
       201054.39,
       557340.99
      ],
      [
       201053.77,
       557339.73
      ]
     ]
    ]
   }
  },
  {
   "type": "Feature",
   "properties": {
    "id": "G02-SWALL-15",
    "type": "planter",
    "kind": "extrude",
    "estimated": true,
    "grade": "추정",
    "basePlane": "WAY",
    "fromM": 133.2,
    "toM": 134.32,
    "assumption": "남쪽 화단(흰 거친 돌 옹벽 + 소나무): 윗면 = 길 경사면 + 1.0 m(허리 높이, 추정 0.9~1.2), 폭 1.4 m(추정). s 59.3~63.3 은 본관으로 통하는 문 앞이라 비움(자리 추정 ±3 m)",
    "source": "사용자 사진 20·21·26·31, 거리뷰 09, SKU 영상 0:52~1:00, DAKNAT 영상 3:12~3:24·5:21~5:35, SKU 0:58 \"오른쪽엔 본관으로 통하는 통로\""
   },
   "geometry": {
    "type": "Polygon",
    "coordinates": [
     [
      [
       201055.57,
       557338.85
      ],
      [
       201057.36,
       557337.97
      ],
      [
       201057.98,
       557339.23
      ],
      [
       201056.19,
       557340.11
      ],
      [
       201055.57,
       557338.85
      ]
     ]
    ]
   }
  },
  {
   "type": "Feature",
   "properties": {
    "id": "G02-SWALL-17",
    "type": "planter",
    "kind": "extrude",
    "estimated": true,
    "grade": "추정",
    "basePlane": "WAY",
    "fromM": 133.43,
    "toM": 134.55,
    "assumption": "남쪽 화단(흰 거친 돌 옹벽 + 소나무): 윗면 = 길 경사면 + 1.0 m(허리 높이, 추정 0.9~1.2), 폭 1.4 m(추정). s 59.3~63.3 은 본관으로 통하는 문 앞이라 비움(자리 추정 ±3 m)",
    "source": "사용자 사진 20·21·26·31, 거리뷰 09, SKU 영상 0:52~1:00, DAKNAT 영상 3:12~3:24·5:21~5:35, SKU 0:58 \"오른쪽엔 본관으로 통하는 통로\""
   },
   "geometry": {
    "type": "Polygon",
    "coordinates": [
     [
      [
       201057.36,
       557337.97
      ],
      [
       201059.16,
       557337.09
      ],
      [
       201059.78,
       557338.34
      ],
      [
       201057.98,
       557339.23
      ],
      [
       201057.36,
       557337.97
      ]
     ]
    ]
   }
  },
  {
   "type": "Feature",
   "properties": {
    "id": "G02-SWALL-19",
    "type": "planter",
    "kind": "extrude",
    "estimated": true,
    "grade": "추정",
    "basePlane": "WAY",
    "fromM": 133.67,
    "toM": 134.79,
    "assumption": "남쪽 화단(흰 거친 돌 옹벽 + 소나무): 윗면 = 길 경사면 + 1.0 m(허리 높이, 추정 0.9~1.2), 폭 1.4 m(추정). s 59.3~63.3 은 본관으로 통하는 문 앞이라 비움(자리 추정 ±3 m)",
    "source": "사용자 사진 20·21·26·31, 거리뷰 09, SKU 영상 0:52~1:00, DAKNAT 영상 3:12~3:24·5:21~5:35, SKU 0:58 \"오른쪽엔 본관으로 통하는 통로\""
   },
   "geometry": {
    "type": "Polygon",
    "coordinates": [
     [
      [
       201059.16,
       557337.09
      ],
      [
       201060.95,
       557336.2
      ],
      [
       201061.57,
       557337.46
      ],
      [
       201059.78,
       557338.34
      ],
      [
       201059.16,
       557337.09
      ]
     ]
    ]
   }
  },
  {
   "type": "Feature",
   "properties": {
    "id": "G02-SWALL-21",
    "type": "planter",
    "kind": "extrude",
    "estimated": true,
    "grade": "추정",
    "basePlane": "WAY",
    "fromM": 133.94,
    "toM": 135.09,
    "assumption": "남쪽 화단(흰 거친 돌 옹벽 + 소나무): 윗면 = 길 경사면 + 1.0 m(허리 높이, 추정 0.9~1.2), 폭 1.4 m(추정). s 59.3~63.3 은 본관으로 통하는 문 앞이라 비움(자리 추정 ±3 m)",
    "source": "사용자 사진 20·21·26·31, 거리뷰 09, SKU 영상 0:52~1:00, DAKNAT 영상 3:12~3:24·5:21~5:35, SKU 0:58 \"오른쪽엔 본관으로 통하는 통로\""
   },
   "geometry": {
    "type": "Polygon",
    "coordinates": [
     [
      [
       201060.95,
       557336.2
      ],
      [
       201062.75,
       557335.32
      ],
      [
       201063.37,
       557336.58
      ],
      [
       201061.57,
       557337.46
      ],
      [
       201060.95,
       557336.2
      ]
     ]
    ]
   }
  },
  {
   "type": "Feature",
   "properties": {
    "id": "G02-SWALL-23",
    "type": "planter",
    "kind": "extrude",
    "estimated": true,
    "grade": "추정",
    "basePlane": "WAY",
    "fromM": 134.24,
    "toM": 135.39,
    "assumption": "남쪽 화단(흰 거친 돌 옹벽 + 소나무): 윗면 = 길 경사면 + 1.0 m(허리 높이, 추정 0.9~1.2), 폭 1.4 m(추정). s 59.3~63.3 은 본관으로 통하는 문 앞이라 비움(자리 추정 ±3 m)",
    "source": "사용자 사진 20·21·26·31, 거리뷰 09, SKU 영상 0:52~1:00, DAKNAT 영상 3:12~3:24·5:21~5:35, SKU 0:58 \"오른쪽엔 본관으로 통하는 통로\""
   },
   "geometry": {
    "type": "Polygon",
    "coordinates": [
     [
      [
       201062.75,
       557335.32
      ],
      [
       201064.54,
       557334.44
      ],
      [
       201065.16,
       557335.7
      ],
      [
       201063.37,
       557336.58
      ],
      [
       201062.75,
       557335.32
      ]
     ]
    ]
   }
  },
  {
   "type": "Feature",
   "properties": {
    "id": "G02-SWALL-25",
    "type": "planter",
    "kind": "extrude",
    "estimated": true,
    "grade": "추정",
    "basePlane": "WAY",
    "fromM": 134.54,
    "toM": 135.69,
    "assumption": "남쪽 화단(흰 거친 돌 옹벽 + 소나무): 윗면 = 길 경사면 + 1.0 m(허리 높이, 추정 0.9~1.2), 폭 1.4 m(추정). s 59.3~63.3 은 본관으로 통하는 문 앞이라 비움(자리 추정 ±3 m)",
    "source": "사용자 사진 20·21·26·31, 거리뷰 09, SKU 영상 0:52~1:00, DAKNAT 영상 3:12~3:24·5:21~5:35, SKU 0:58 \"오른쪽엔 본관으로 통하는 통로\""
   },
   "geometry": {
    "type": "Polygon",
    "coordinates": [
     [
      [
       201064.54,
       557334.44
      ],
      [
       201066.34,
       557333.56
      ],
      [
       201066.95,
       557334.81
      ],
      [
       201065.16,
       557335.7
      ],
      [
       201064.54,
       557334.44
      ]
     ]
    ]
   }
  },
  {
   "type": "Feature",
   "properties": {
    "id": "G02-SWALL-27",
    "type": "planter",
    "kind": "extrude",
    "estimated": true,
    "grade": "추정",
    "basePlane": "WAY",
    "fromM": 134.83,
    "toM": 135.98,
    "assumption": "남쪽 화단(흰 거친 돌 옹벽 + 소나무): 윗면 = 길 경사면 + 1.0 m(허리 높이, 추정 0.9~1.2), 폭 1.4 m(추정). s 59.3~63.3 은 본관으로 통하는 문 앞이라 비움(자리 추정 ±3 m)",
    "source": "사용자 사진 20·21·26·31, 거리뷰 09, SKU 영상 0:52~1:00, DAKNAT 영상 3:12~3:24·5:21~5:35, SKU 0:58 \"오른쪽엔 본관으로 통하는 통로\""
   },
   "geometry": {
    "type": "Polygon",
    "coordinates": [
     [
      [
       201066.34,
       557333.56
      ],
      [
       201068.13,
       557332.67
      ],
      [
       201068.75,
       557333.93
      ],
      [
       201066.95,
       557334.81
      ],
      [
       201066.34,
       557333.56
      ]
     ]
    ]
   }
  },
  {
   "type": "Feature",
   "properties": {
    "id": "G02-SWALL-29",
    "type": "planter",
    "kind": "extrude",
    "estimated": true,
    "grade": "추정",
    "basePlane": "WAY",
    "fromM": 135.13,
    "toM": 136.28,
    "assumption": "남쪽 화단(흰 거친 돌 옹벽 + 소나무): 윗면 = 길 경사면 + 1.0 m(허리 높이, 추정 0.9~1.2), 폭 1.4 m(추정). s 59.3~63.3 은 본관으로 통하는 문 앞이라 비움(자리 추정 ±3 m)",
    "source": "사용자 사진 20·21·26·31, 거리뷰 09, SKU 영상 0:52~1:00, DAKNAT 영상 3:12~3:24·5:21~5:35, SKU 0:58 \"오른쪽엔 본관으로 통하는 통로\""
   },
   "geometry": {
    "type": "Polygon",
    "coordinates": [
     [
      [
       201068.13,
       557332.67
      ],
      [
       201069.93,
       557331.79
      ],
      [
       201070.54,
       557333.05
      ],
      [
       201068.75,
       557333.93
      ],
      [
       201068.13,
       557332.67
      ]
     ]
    ]
   }
  },
  {
   "type": "Feature",
   "properties": {
    "id": "G02-SWALL-31",
    "type": "planter",
    "kind": "extrude",
    "estimated": true,
    "grade": "추정",
    "basePlane": "WAY",
    "fromM": 135.43,
    "toM": 136.58,
    "assumption": "남쪽 화단(흰 거친 돌 옹벽 + 소나무): 윗면 = 길 경사면 + 1.0 m(허리 높이, 추정 0.9~1.2), 폭 1.4 m(추정). s 59.3~63.3 은 본관으로 통하는 문 앞이라 비움(자리 추정 ±3 m)",
    "source": "사용자 사진 20·21·26·31, 거리뷰 09, SKU 영상 0:52~1:00, DAKNAT 영상 3:12~3:24·5:21~5:35, SKU 0:58 \"오른쪽엔 본관으로 통하는 통로\""
   },
   "geometry": {
    "type": "Polygon",
    "coordinates": [
     [
      [
       201069.93,
       557331.79
      ],
      [
       201071.72,
       557330.91
      ],
      [
       201072.34,
       557332.17
      ],
      [
       201070.54,
       557333.05
      ],
      [
       201069.93,
       557331.79
      ]
     ]
    ]
   }
  },
  {
   "type": "Feature",
   "properties": {
    "id": "G02-SWALL-33",
    "type": "planter",
    "kind": "extrude",
    "estimated": true,
    "grade": "추정",
    "basePlane": "WAY",
    "fromM": 135.73,
    "toM": 136.87,
    "assumption": "남쪽 화단(흰 거친 돌 옹벽 + 소나무): 윗면 = 길 경사면 + 1.0 m(허리 높이, 추정 0.9~1.2), 폭 1.4 m(추정). s 59.3~63.3 은 본관으로 통하는 문 앞이라 비움(자리 추정 ±3 m)",
    "source": "사용자 사진 20·21·26·31, 거리뷰 09, SKU 영상 0:52~1:00, DAKNAT 영상 3:12~3:24·5:21~5:35, SKU 0:58 \"오른쪽엔 본관으로 통하는 통로\""
   },
   "geometry": {
    "type": "Polygon",
    "coordinates": [
     [
      [
       201071.72,
       557330.91
      ],
      [
       201073.52,
       557330.03
      ],
      [
       201074.13,
       557331.28
      ],
      [
       201072.34,
       557332.17
      ],
      [
       201071.72,
       557330.91
      ]
     ]
    ]
   }
  },
  {
   "type": "Feature",
   "properties": {
    "id": "G02-SWALL-35",
    "type": "planter",
    "kind": "extrude",
    "estimated": true,
    "grade": "추정",
    "basePlane": "WAY",
    "fromM": 136.02,
    "toM": 137.17,
    "assumption": "남쪽 화단(흰 거친 돌 옹벽 + 소나무): 윗면 = 길 경사면 + 1.0 m(허리 높이, 추정 0.9~1.2), 폭 1.4 m(추정). s 59.3~63.3 은 본관으로 통하는 문 앞이라 비움(자리 추정 ±3 m)",
    "source": "사용자 사진 20·21·26·31, 거리뷰 09, SKU 영상 0:52~1:00, DAKNAT 영상 3:12~3:24·5:21~5:35, SKU 0:58 \"오른쪽엔 본관으로 통하는 통로\""
   },
   "geometry": {
    "type": "Polygon",
    "coordinates": [
     [
      [
       201073.52,
       557330.03
      ],
      [
       201075.31,
       557329.15
      ],
      [
       201075.93,
       557330.4
      ],
      [
       201074.13,
       557331.28
      ],
      [
       201073.52,
       557330.03
      ]
     ]
    ]
   }
  },
  {
   "type": "Feature",
   "properties": {
    "id": "G02-SWALL-37",
    "type": "planter",
    "kind": "extrude",
    "estimated": true,
    "grade": "추정",
    "basePlane": "WAY",
    "fromM": 136.32,
    "toM": 137.47,
    "assumption": "남쪽 화단(흰 거친 돌 옹벽 + 소나무): 윗면 = 길 경사면 + 1.0 m(허리 높이, 추정 0.9~1.2), 폭 1.4 m(추정). s 59.3~63.3 은 본관으로 통하는 문 앞이라 비움(자리 추정 ±3 m)",
    "source": "사용자 사진 20·21·26·31, 거리뷰 09, SKU 영상 0:52~1:00, DAKNAT 영상 3:12~3:24·5:21~5:35, SKU 0:58 \"오른쪽엔 본관으로 통하는 통로\""
   },
   "geometry": {
    "type": "Polygon",
    "coordinates": [
     [
      [
       201075.31,
       557329.15
      ],
      [
       201077.11,
       557328.26
      ],
      [
       201077.72,
       557329.52
      ],
      [
       201075.93,
       557330.4
      ],
      [
       201075.31,
       557329.15
      ]
     ]
    ]
   }
  },
  {
   "type": "Feature",
   "properties": {
    "id": "G02-SWALL-39",
    "type": "planter",
    "kind": "extrude",
    "estimated": true,
    "grade": "추정",
    "basePlane": "WAY",
    "fromM": 136.62,
    "toM": 137.77,
    "assumption": "남쪽 화단(흰 거친 돌 옹벽 + 소나무): 윗면 = 길 경사면 + 1.0 m(허리 높이, 추정 0.9~1.2), 폭 1.4 m(추정). s 59.3~63.3 은 본관으로 통하는 문 앞이라 비움(자리 추정 ±3 m)",
    "source": "사용자 사진 20·21·26·31, 거리뷰 09, SKU 영상 0:52~1:00, DAKNAT 영상 3:12~3:24·5:21~5:35, SKU 0:58 \"오른쪽엔 본관으로 통하는 통로\""
   },
   "geometry": {
    "type": "Polygon",
    "coordinates": [
     [
      [
       201077.11,
       557328.26
      ],
      [
       201078.9,
       557327.38
      ],
      [
       201079.52,
       557328.64
      ],
      [
       201077.72,
       557329.52
      ],
      [
       201077.11,
       557328.26
      ]
     ]
    ]
   }
  },
  {
   "type": "Feature",
   "properties": {
    "id": "G02-SWALL-41",
    "type": "planter",
    "kind": "extrude",
    "estimated": true,
    "grade": "추정",
    "basePlane": "WAY",
    "fromM": 136.91,
    "toM": 138.06,
    "assumption": "남쪽 화단(흰 거친 돌 옹벽 + 소나무): 윗면 = 길 경사면 + 1.0 m(허리 높이, 추정 0.9~1.2), 폭 1.4 m(추정). s 59.3~63.3 은 본관으로 통하는 문 앞이라 비움(자리 추정 ±3 m)",
    "source": "사용자 사진 20·21·26·31, 거리뷰 09, SKU 영상 0:52~1:00, DAKNAT 영상 3:12~3:24·5:21~5:35, SKU 0:58 \"오른쪽엔 본관으로 통하는 통로\""
   },
   "geometry": {
    "type": "Polygon",
    "coordinates": [
     [
      [
       201078.9,
       557327.38
      ],
      [
       201080.7,
       557326.5
      ],
      [
       201081.31,
       557327.75
      ],
      [
       201079.52,
       557328.64
      ],
      [
       201078.9,
       557327.38
      ]
     ]
    ]
   }
  },
  {
   "type": "Feature",
   "properties": {
    "id": "G02-SWALL-43",
    "type": "planter",
    "kind": "extrude",
    "estimated": true,
    "grade": "추정",
    "basePlane": "WAY",
    "fromM": 137.21,
    "toM": 138.36,
    "assumption": "남쪽 화단(흰 거친 돌 옹벽 + 소나무): 윗면 = 길 경사면 + 1.0 m(허리 높이, 추정 0.9~1.2), 폭 1.4 m(추정). s 59.3~63.3 은 본관으로 통하는 문 앞이라 비움(자리 추정 ±3 m)",
    "source": "사용자 사진 20·21·26·31, 거리뷰 09, SKU 영상 0:52~1:00, DAKNAT 영상 3:12~3:24·5:21~5:35, SKU 0:58 \"오른쪽엔 본관으로 통하는 통로\""
   },
   "geometry": {
    "type": "Polygon",
    "coordinates": [
     [
      [
       201080.7,
       557326.5
      ],
      [
       201082.49,
       557325.62
      ],
      [
       201083.11,
       557326.87
      ],
      [
       201081.31,
       557327.75
      ],
      [
       201080.7,
       557326.5
      ]
     ]
    ]
   }
  },
  {
   "type": "Feature",
   "properties": {
    "id": "G02-SWALL-45",
    "type": "planter",
    "kind": "extrude",
    "estimated": true,
    "grade": "추정",
    "basePlane": "WAY",
    "fromM": 137.51,
    "toM": 138.66,
    "assumption": "남쪽 화단(흰 거친 돌 옹벽 + 소나무): 윗면 = 길 경사면 + 1.0 m(허리 높이, 추정 0.9~1.2), 폭 1.4 m(추정). s 59.3~63.3 은 본관으로 통하는 문 앞이라 비움(자리 추정 ±3 m)",
    "source": "사용자 사진 20·21·26·31, 거리뷰 09, SKU 영상 0:52~1:00, DAKNAT 영상 3:12~3:24·5:21~5:35, SKU 0:58 \"오른쪽엔 본관으로 통하는 통로\""
   },
   "geometry": {
    "type": "Polygon",
    "coordinates": [
     [
      [
       201082.49,
       557325.62
      ],
      [
       201084.28,
       557324.73
      ],
      [
       201084.9,
       557325.99
      ],
      [
       201083.11,
       557326.87
      ],
      [
       201082.49,
       557325.62
      ]
     ]
    ]
   }
  },
  {
   "type": "Feature",
   "properties": {
    "id": "G02-SWALL-47",
    "type": "planter",
    "kind": "extrude",
    "estimated": true,
    "grade": "추정",
    "basePlane": "WAY",
    "fromM": 137.81,
    "toM": 138.95,
    "assumption": "남쪽 화단(흰 거친 돌 옹벽 + 소나무): 윗면 = 길 경사면 + 1.0 m(허리 높이, 추정 0.9~1.2), 폭 1.4 m(추정). s 59.3~63.3 은 본관으로 통하는 문 앞이라 비움(자리 추정 ±3 m)",
    "source": "사용자 사진 20·21·26·31, 거리뷰 09, SKU 영상 0:52~1:00, DAKNAT 영상 3:12~3:24·5:21~5:35, SKU 0:58 \"오른쪽엔 본관으로 통하는 통로\""
   },
   "geometry": {
    "type": "Polygon",
    "coordinates": [
     [
      [
       201084.28,
       557324.73
      ],
      [
       201086.08,
       557323.85
      ],
      [
       201086.7,
       557325.11
      ],
      [
       201084.9,
       557325.99
      ],
      [
       201084.28,
       557324.73
      ]
     ]
    ]
   }
  },
  {
   "type": "Feature",
   "properties": {
    "id": "G02-SWALL-49",
    "type": "planter",
    "kind": "extrude",
    "estimated": true,
    "grade": "추정",
    "basePlane": "WAY",
    "fromM": 138.1,
    "toM": 139.25,
    "assumption": "남쪽 화단(흰 거친 돌 옹벽 + 소나무): 윗면 = 길 경사면 + 1.0 m(허리 높이, 추정 0.9~1.2), 폭 1.4 m(추정). s 59.3~63.3 은 본관으로 통하는 문 앞이라 비움(자리 추정 ±3 m)",
    "source": "사용자 사진 20·21·26·31, 거리뷰 09, SKU 영상 0:52~1:00, DAKNAT 영상 3:12~3:24·5:21~5:35, SKU 0:58 \"오른쪽엔 본관으로 통하는 통로\""
   },
   "geometry": {
    "type": "Polygon",
    "coordinates": [
     [
      [
       201086.08,
       557323.85
      ],
      [
       201087.87,
       557322.97
      ],
      [
       201088.49,
       557324.22
      ],
      [
       201086.7,
       557325.11
      ],
      [
       201086.08,
       557323.85
      ]
     ]
    ]
   }
  },
  {
   "type": "Feature",
   "properties": {
    "id": "G02-SWALL-51",
    "type": "planter",
    "kind": "extrude",
    "estimated": true,
    "grade": "추정",
    "basePlane": "WAY",
    "fromM": 138.4,
    "toM": 139.55,
    "assumption": "남쪽 화단(흰 거친 돌 옹벽 + 소나무): 윗면 = 길 경사면 + 1.0 m(허리 높이, 추정 0.9~1.2), 폭 1.4 m(추정). s 59.3~63.3 은 본관으로 통하는 문 앞이라 비움(자리 추정 ±3 m)",
    "source": "사용자 사진 20·21·26·31, 거리뷰 09, SKU 영상 0:52~1:00, DAKNAT 영상 3:12~3:24·5:21~5:35, SKU 0:58 \"오른쪽엔 본관으로 통하는 통로\""
   },
   "geometry": {
    "type": "Polygon",
    "coordinates": [
     [
      [
       201087.87,
       557322.97
      ],
      [
       201089.67,
       557322.09
      ],
      [
       201090.29,
       557323.34
      ],
      [
       201088.49,
       557324.22
      ],
      [
       201087.87,
       557322.97
      ]
     ]
    ]
   }
  },
  {
   "type": "Feature",
   "properties": {
    "id": "G02-SWALL-53",
    "type": "planter",
    "kind": "extrude",
    "estimated": true,
    "grade": "추정",
    "basePlane": "WAY",
    "fromM": 138.7,
    "toM": 139.85,
    "assumption": "남쪽 화단(흰 거친 돌 옹벽 + 소나무): 윗면 = 길 경사면 + 1.0 m(허리 높이, 추정 0.9~1.2), 폭 1.4 m(추정). s 59.3~63.3 은 본관으로 통하는 문 앞이라 비움(자리 추정 ±3 m)",
    "source": "사용자 사진 20·21·26·31, 거리뷰 09, SKU 영상 0:52~1:00, DAKNAT 영상 3:12~3:24·5:21~5:35, SKU 0:58 \"오른쪽엔 본관으로 통하는 통로\""
   },
   "geometry": {
    "type": "Polygon",
    "coordinates": [
     [
      [
       201089.67,
       557322.09
      ],
      [
       201091.46,
       557321.2
      ],
      [
       201092.08,
       557322.46
      ],
      [
       201090.29,
       557323.34
      ],
      [
       201089.67,
       557322.09
      ]
     ]
    ]
   }
  },
  {
   "type": "Feature",
   "properties": {
    "id": "G02-SWALL-55",
    "type": "planter",
    "kind": "extrude",
    "estimated": true,
    "grade": "추정",
    "basePlane": "WAY",
    "fromM": 139.0,
    "toM": 140.17,
    "assumption": "남쪽 화단(흰 거친 돌 옹벽 + 소나무): 윗면 = 길 경사면 + 1.0 m(허리 높이, 추정 0.9~1.2), 폭 1.4 m(추정). s 59.3~63.3 은 본관으로 통하는 문 앞이라 비움(자리 추정 ±3 m)",
    "source": "사용자 사진 20·21·26·31, 거리뷰 09, SKU 영상 0:52~1:00, DAKNAT 영상 3:12~3:24·5:21~5:35, SKU 0:58 \"오른쪽엔 본관으로 통하는 통로\""
   },
   "geometry": {
    "type": "Polygon",
    "coordinates": [
     [
      [
       201091.46,
       557321.2
      ],
      [
       201093.26,
       557320.32
      ],
      [
       201093.88,
       557321.58
      ],
      [
       201092.08,
       557322.46
      ],
      [
       201091.46,
       557321.2
      ]
     ]
    ]
   }
  },
  {
   "type": "Feature",
   "properties": {
    "id": "G02-SWALL-57",
    "type": "planter",
    "kind": "extrude",
    "estimated": true,
    "grade": "추정",
    "basePlane": "WAY",
    "fromM": 139.35,
    "toM": 140.52,
    "assumption": "남쪽 화단(흰 거친 돌 옹벽 + 소나무): 윗면 = 길 경사면 + 1.0 m(허리 높이, 추정 0.9~1.2), 폭 1.4 m(추정). s 59.3~63.3 은 본관으로 통하는 문 앞이라 비움(자리 추정 ±3 m)",
    "source": "사용자 사진 20·21·26·31, 거리뷰 09, SKU 영상 0:52~1:00, DAKNAT 영상 3:12~3:24·5:21~5:35, SKU 0:58 \"오른쪽엔 본관으로 통하는 통로\""
   },
   "geometry": {
    "type": "Polygon",
    "coordinates": [
     [
      [
       201093.26,
       557320.32
      ],
      [
       201095.05,
       557319.44
      ],
      [
       201095.67,
       557320.69
      ],
      [
       201093.88,
       557321.58
      ],
      [
       201093.26,
       557320.32
      ]
     ]
    ]
   }
  },
  {
   "type": "Feature",
   "properties": {
    "id": "G02-SWALL-63",
    "type": "planter",
    "kind": "extrude",
    "estimated": true,
    "grade": "추정",
    "basePlane": "WAY",
    "fromM": 140.38,
    "toM": 141.55,
    "assumption": "남쪽 화단(흰 거친 돌 옹벽 + 소나무): 윗면 = 길 경사면 + 1.0 m(허리 높이, 추정 0.9~1.2), 폭 1.4 m(추정). s 59.3~63.3 은 본관으로 통하는 문 앞이라 비움(자리 추정 ±3 m)",
    "source": "사용자 사진 20·21·26·31, 거리뷰 09, SKU 영상 0:52~1:00, DAKNAT 영상 3:12~3:24·5:21~5:35, SKU 0:58 \"오른쪽엔 본관으로 통하는 통로\""
   },
   "geometry": {
    "type": "Polygon",
    "coordinates": [
     [
      [
       201098.64,
       557317.67
      ],
      [
       201100.44,
       557316.79
      ],
      [
       201101.06,
       557318.05
      ],
      [
       201099.26,
       557318.93
      ],
      [
       201098.64,
       557317.67
      ]
     ]
    ]
   }
  },
  {
   "type": "Feature",
   "properties": {
    "id": "G02-SWALL-65",
    "type": "planter",
    "kind": "extrude",
    "estimated": true,
    "grade": "추정",
    "basePlane": "WAY",
    "fromM": 140.72,
    "toM": 141.89,
    "assumption": "남쪽 화단(흰 거친 돌 옹벽 + 소나무): 윗면 = 길 경사면 + 1.0 m(허리 높이, 추정 0.9~1.2), 폭 1.4 m(추정). s 59.3~63.3 은 본관으로 통하는 문 앞이라 비움(자리 추정 ±3 m)",
    "source": "사용자 사진 20·21·26·31, 거리뷰 09, SKU 영상 0:52~1:00, DAKNAT 영상 3:12~3:24·5:21~5:35, SKU 0:58 \"오른쪽엔 본관으로 통하는 통로\""
   },
   "geometry": {
    "type": "Polygon",
    "coordinates": [
     [
      [
       201100.44,
       557316.79
      ],
      [
       201102.23,
       557315.91
      ],
      [
       201102.85,
       557317.16
      ],
      [
       201101.06,
       557318.05
      ],
      [
       201100.44,
       557316.79
      ]
     ]
    ]
   }
  },
  {
   "type": "Feature",
   "properties": {
    "id": "G02-SWALL-67",
    "type": "planter",
    "kind": "extrude",
    "estimated": true,
    "grade": "추정",
    "basePlane": "WAY",
    "fromM": 141.06,
    "toM": 142.24,
    "assumption": "남쪽 화단(흰 거친 돌 옹벽 + 소나무): 윗면 = 길 경사면 + 1.0 m(허리 높이, 추정 0.9~1.2), 폭 1.4 m(추정). s 59.3~63.3 은 본관으로 통하는 문 앞이라 비움(자리 추정 ±3 m)",
    "source": "사용자 사진 20·21·26·31, 거리뷰 09, SKU 영상 0:52~1:00, DAKNAT 영상 3:12~3:24·5:21~5:35, SKU 0:58 \"오른쪽엔 본관으로 통하는 통로\""
   },
   "geometry": {
    "type": "Polygon",
    "coordinates": [
     [
      [
       201102.23,
       557315.91
      ],
      [
       201104.03,
       557315.03
      ],
      [
       201104.65,
       557316.28
      ],
      [
       201102.85,
       557317.16
      ],
      [
       201102.23,
       557315.91
      ]
     ]
    ]
   }
  },
  {
   "type": "Feature",
   "properties": {
    "id": "G02-NPLANT-A05",
    "type": "planter",
    "kind": "extrude",
    "estimated": true,
    "grade": "추정",
    "basePlane": "WAY",
    "fromM": 131.99,
    "toM": 133.04,
    "assumption": "북쪽 화단 섬(북악관 동쪽 마당과 길 사이): 화강석 벽이 약 5 m 마디로 층층이 오름, 윗면 = 마디 위쪽 끝의 경사면 + 0.45 m(추정). 평면은 S-MAP 정사 그림의 나무 자리(±1 m)",
    "source": "사용자 사진 20·21·26·31, 거리뷰 09, SKU 영상 0:52~1:00, DAKNAT 영상 3:12~3:24·5:21~5:35, g02/smap-ortho-rectified-01m.png"
   },
   "geometry": {
    "type": "Polygon",
    "coordinates": [
     [
      [
       201050.91,
       557352.73
      ],
      [
       201055.49,
       557350.48
      ],
      [
       201056.81,
       557353.17
      ],
      [
       201052.24,
       557355.42
      ],
      [
       201050.91,
       557352.73
      ]
     ]
    ]
   }
  },
  {
   "type": "Feature",
   "properties": {
    "id": "G02-NPLANT-A10",
    "type": "planter",
    "kind": "extrude",
    "estimated": true,
    "grade": "추정",
    "basePlane": "WAY",
    "fromM": 132.5,
    "toM": 133.64,
    "assumption": "북쪽 화단 섬(북악관 동쪽 마당과 길 사이): 화강석 벽이 약 5 m 마디로 층층이 오름, 윗면 = 마디 위쪽 끝의 경사면 + 0.45 m(추정). 평면은 S-MAP 정사 그림의 나무 자리(±1 m)",
    "source": "사용자 사진 20·21·26·31, 거리뷰 09, SKU 영상 0:52~1:00, DAKNAT 영상 3:12~3:24·5:21~5:35, g02/smap-ortho-rectified-01m.png"
   },
   "geometry": {
    "type": "Polygon",
    "coordinates": [
     [
      [
       201055.49,
       557350.48
      ],
      [
       201060.07,
       557348.23
      ],
      [
       201061.39,
       557350.92
      ],
      [
       201056.81,
       557353.17
      ],
      [
       201055.49,
       557350.48
      ]
     ]
    ]
   }
  },
  {
   "type": "Feature",
   "properties": {
    "id": "G02-NPLANT-A15",
    "type": "planter",
    "kind": "extrude",
    "estimated": true,
    "grade": "추정",
    "basePlane": "WAY",
    "fromM": 132.5,
    "toM": 134.24,
    "assumption": "북쪽 화단 섬(북악관 동쪽 마당과 길 사이): 화강석 벽이 약 5 m 마디로 층층이 오름, 윗면 = 마디 위쪽 끝의 경사면 + 0.45 m(추정). 평면은 S-MAP 정사 그림의 나무 자리(±1 m)",
    "source": "사용자 사진 20·21·26·31, 거리뷰 09, SKU 영상 0:52~1:00, DAKNAT 영상 3:12~3:24·5:21~5:35, g02/smap-ortho-rectified-01m.png"
   },
   "geometry": {
    "type": "Polygon",
    "coordinates": [
     [
      [
       201060.07,
       557348.23
      ],
      [
       201064.64,
       557345.98
      ],
      [
       201065.97,
       557348.67
      ],
      [
       201061.39,
       557350.92
      ],
      [
       201060.07,
       557348.23
      ]
     ]
    ]
   }
  },
  {
   "type": "Feature",
   "properties": {
    "id": "G02-NPLANT-A20",
    "type": "planter",
    "kind": "extrude",
    "estimated": true,
    "grade": "추정",
    "basePlane": "WAY",
    "fromM": 132.5,
    "toM": 135.0,
    "assumption": "북쪽 화단 섬(북악관 동쪽 마당과 길 사이): 화강석 벽이 약 5 m 마디로 층층이 오름, 윗면 = 마디 위쪽 끝의 경사면 + 0.45 m(추정). 평면은 S-MAP 정사 그림의 나무 자리(±1 m)",
    "source": "사용자 사진 20·21·26·31, 거리뷰 09, SKU 영상 0:52~1:00, DAKNAT 영상 3:12~3:24·5:21~5:35, g02/smap-ortho-rectified-01m.png"
   },
   "geometry": {
    "type": "Polygon",
    "coordinates": [
     [
      [
       201064.64,
       557345.98
      ],
      [
       201069.22,
       557343.73
      ],
      [
       201070.54,
       557346.42
      ],
      [
       201065.97,
       557348.67
      ],
      [
       201064.64,
       557345.98
      ]
     ]
    ]
   }
  },
  {
   "type": "Feature",
   "properties": {
    "id": "G02-NPLANT-A25",
    "type": "planter",
    "kind": "extrude",
    "estimated": true,
    "grade": "추정",
    "basePlane": "WAY",
    "fromM": 132.5,
    "toM": 135.76,
    "assumption": "북쪽 화단 섬(북악관 동쪽 마당과 길 사이): 화강석 벽이 약 5 m 마디로 층층이 오름, 윗면 = 마디 위쪽 끝의 경사면 + 0.45 m(추정). 평면은 S-MAP 정사 그림의 나무 자리(±1 m)",
    "source": "사용자 사진 20·21·26·31, 거리뷰 09, SKU 영상 0:52~1:00, DAKNAT 영상 3:12~3:24·5:21~5:35, g02/smap-ortho-rectified-01m.png"
   },
   "geometry": {
    "type": "Polygon",
    "coordinates": [
     [
      [
       201069.22,
       557343.73
      ],
      [
       201073.8,
       557341.48
      ],
      [
       201075.12,
       557344.17
      ],
      [
       201070.54,
       557346.42
      ],
      [
       201069.22,
       557343.73
      ]
     ]
    ]
   }
  },
  {
   "type": "Feature",
   "properties": {
    "id": "G02-NPLANT-DRUM",
    "type": "planter",
    "kind": "extrude",
    "estimated": true,
    "grade": "추정",
    "basePlane": "WAY",
    "fromM": 130.6,
    "toM": 131.5,
    "assumption": "입구 왼쪽 둥근 화강석 화단: 높이 0.9 m, 지름 약 3 m(거리뷰 09 눈대중)",
    "source": "거리뷰 09"
   },
   "geometry": {
    "type": "Polygon",
    "coordinates": [
     [
      [
       201046.92,
       557355.48
      ],
      [
       201049.25,
       557354.33
      ],
      [
       201050.4,
       557355.32
      ],
      [
       201050.48,
       557356.84
      ],
      [
       201048.15,
       557357.99
      ],
      [
       201046.99,
       557357.0
      ],
      [
       201046.92,
       557355.48
      ]
     ]
    ]
   }
  },
  {
   "type": "Feature",
   "properties": {
    "id": "G02-PODIUM-STAIR-S01",
    "type": "stair_step",
    "kind": "extrude",
    "estimated": true,
    "grade": "추정",
    "basePlane": "WAY",
    "fromM": 135.11,
    "toM": 135.77,
    "assumption": "문예관 기단(138.8 m)으로 오르는 옆 계단: 20단 = (138.8 − 135.61) ÷ 0.157, 디딤 0.30 m, 폭 2.5 m(모두 가정). 자리는 정사 그림에서 화단이 끊기는 곳과 사진 21 의 가로등 옆 계단",
    "source": "사용자 사진 21, SKU 0:54, g02/smap-ortho-rectified-01m.png",
    "stair": "G02-PODIUM-STAIR"
   },
   "geometry": {
    "type": "Polygon",
    "coordinates": [
     [
      [
       201074.69,
       557341.04
      ],
      [
       201076.94,
       557339.93
      ],
      [
       201077.07,
       557340.2
      ],
      [
       201074.83,
       557341.31
      ],
      [
       201074.69,
       557341.04
      ]
     ]
    ]
   }
  },
  {
   "type": "Feature",
   "properties": {
    "id": "G02-PODIUM-STAIR-S02",
    "type": "stair_step",
    "kind": "extrude",
    "estimated": true,
    "grade": "추정",
    "basePlane": "WAY",
    "fromM": 135.11,
    "toM": 135.93,
    "assumption": "문예관 기단(138.8 m)으로 오르는 옆 계단: 20단 = (138.8 − 135.61) ÷ 0.157, 디딤 0.30 m, 폭 2.5 m(모두 가정). 자리는 정사 그림에서 화단이 끊기는 곳과 사진 21 의 가로등 옆 계단",
    "source": "사용자 사진 21, SKU 0:54, g02/smap-ortho-rectified-01m.png",
    "stair": "G02-PODIUM-STAIR"
   },
   "geometry": {
    "type": "Polygon",
    "coordinates": [
     [
      [
       201074.83,
       557341.31
      ],
      [
       201077.07,
       557340.2
      ],
      [
       201077.2,
       557340.47
      ],
      [
       201074.96,
       557341.58
      ],
      [
       201074.83,
       557341.31
      ]
     ]
    ]
   }
  },
  {
   "type": "Feature",
   "properties": {
    "id": "G02-PODIUM-STAIR-S03",
    "type": "stair_step",
    "kind": "extrude",
    "estimated": true,
    "grade": "추정",
    "basePlane": "WAY",
    "fromM": 135.11,
    "toM": 136.09,
    "assumption": "문예관 기단(138.8 m)으로 오르는 옆 계단: 20단 = (138.8 − 135.61) ÷ 0.157, 디딤 0.30 m, 폭 2.5 m(모두 가정). 자리는 정사 그림에서 화단이 끊기는 곳과 사진 21 의 가로등 옆 계단",
    "source": "사용자 사진 21, SKU 0:54, g02/smap-ortho-rectified-01m.png",
    "stair": "G02-PODIUM-STAIR"
   },
   "geometry": {
    "type": "Polygon",
    "coordinates": [
     [
      [
       201074.96,
       557341.58
      ],
      [
       201077.2,
       557340.47
      ],
      [
       201077.34,
       557340.74
      ],
      [
       201075.09,
       557341.84
      ],
      [
       201074.96,
       557341.58
      ]
     ]
    ]
   }
  },
  {
   "type": "Feature",
   "properties": {
    "id": "G02-PODIUM-STAIR-S04",
    "type": "stair_step",
    "kind": "extrude",
    "estimated": true,
    "grade": "추정",
    "basePlane": "WAY",
    "fromM": 135.11,
    "toM": 136.25,
    "assumption": "문예관 기단(138.8 m)으로 오르는 옆 계단: 20단 = (138.8 − 135.61) ÷ 0.157, 디딤 0.30 m, 폭 2.5 m(모두 가정). 자리는 정사 그림에서 화단이 끊기는 곳과 사진 21 의 가로등 옆 계단",
    "source": "사용자 사진 21, SKU 0:54, g02/smap-ortho-rectified-01m.png",
    "stair": "G02-PODIUM-STAIR"
   },
   "geometry": {
    "type": "Polygon",
    "coordinates": [
     [
      [
       201075.09,
       557341.84
      ],
      [
       201077.34,
       557340.74
      ],
      [
       201077.47,
       557341.01
      ],
      [
       201075.22,
       557342.11
      ],
      [
       201075.09,
       557341.84
      ]
     ]
    ]
   }
  },
  {
   "type": "Feature",
   "properties": {
    "id": "G02-PODIUM-STAIR-S05",
    "type": "stair_step",
    "kind": "extrude",
    "estimated": true,
    "grade": "추정",
    "basePlane": "WAY",
    "fromM": 135.11,
    "toM": 136.41,
    "assumption": "문예관 기단(138.8 m)으로 오르는 옆 계단: 20단 = (138.8 − 135.61) ÷ 0.157, 디딤 0.30 m, 폭 2.5 m(모두 가정). 자리는 정사 그림에서 화단이 끊기는 곳과 사진 21 의 가로등 옆 계단",
    "source": "사용자 사진 21, SKU 0:54, g02/smap-ortho-rectified-01m.png",
    "stair": "G02-PODIUM-STAIR"
   },
   "geometry": {
    "type": "Polygon",
    "coordinates": [
     [
      [
       201075.22,
       557342.11
      ],
      [
       201077.47,
       557341.01
      ],
      [
       201077.6,
       557341.28
      ],
      [
       201075.36,
       557342.38
      ],
      [
       201075.22,
       557342.11
      ]
     ]
    ]
   }
  },
  {
   "type": "Feature",
   "properties": {
    "id": "G02-PODIUM-STAIR-S06",
    "type": "stair_step",
    "kind": "extrude",
    "estimated": true,
    "grade": "추정",
    "basePlane": "WAY",
    "fromM": 135.11,
    "toM": 136.56,
    "assumption": "문예관 기단(138.8 m)으로 오르는 옆 계단: 20단 = (138.8 − 135.61) ÷ 0.157, 디딤 0.30 m, 폭 2.5 m(모두 가정). 자리는 정사 그림에서 화단이 끊기는 곳과 사진 21 의 가로등 옆 계단",
    "source": "사용자 사진 21, SKU 0:54, g02/smap-ortho-rectified-01m.png",
    "stair": "G02-PODIUM-STAIR"
   },
   "geometry": {
    "type": "Polygon",
    "coordinates": [
     [
      [
       201075.36,
       557342.38
      ],
      [
       201077.6,
       557341.28
      ],
      [
       201077.73,
       557341.55
      ],
      [
       201075.49,
       557342.65
      ],
      [
       201075.36,
       557342.38
      ]
     ]
    ]
   }
  },
  {
   "type": "Feature",
   "properties": {
    "id": "G02-PODIUM-STAIR-S07",
    "type": "stair_step",
    "kind": "extrude",
    "estimated": true,
    "grade": "추정",
    "basePlane": "WAY",
    "fromM": 135.11,
    "toM": 136.72,
    "assumption": "문예관 기단(138.8 m)으로 오르는 옆 계단: 20단 = (138.8 − 135.61) ÷ 0.157, 디딤 0.30 m, 폭 2.5 m(모두 가정). 자리는 정사 그림에서 화단이 끊기는 곳과 사진 21 의 가로등 옆 계단",
    "source": "사용자 사진 21, SKU 0:54, g02/smap-ortho-rectified-01m.png",
    "stair": "G02-PODIUM-STAIR"
   },
   "geometry": {
    "type": "Polygon",
    "coordinates": [
     [
      [
       201075.49,
       557342.65
      ],
      [
       201077.73,
       557341.55
      ],
      [
       201077.86,
       557341.82
      ],
      [
       201075.62,
       557342.92
      ],
      [
       201075.49,
       557342.65
      ]
     ]
    ]
   }
  },
  {
   "type": "Feature",
   "properties": {
    "id": "G02-PODIUM-STAIR-S08",
    "type": "stair_step",
    "kind": "extrude",
    "estimated": true,
    "grade": "추정",
    "basePlane": "WAY",
    "fromM": 135.11,
    "toM": 136.88,
    "assumption": "문예관 기단(138.8 m)으로 오르는 옆 계단: 20단 = (138.8 − 135.61) ÷ 0.157, 디딤 0.30 m, 폭 2.5 m(모두 가정). 자리는 정사 그림에서 화단이 끊기는 곳과 사진 21 의 가로등 옆 계단",
    "source": "사용자 사진 21, SKU 0:54, g02/smap-ortho-rectified-01m.png",
    "stair": "G02-PODIUM-STAIR"
   },
   "geometry": {
    "type": "Polygon",
    "coordinates": [
     [
      [
       201075.62,
       557342.92
      ],
      [
       201077.86,
       557341.82
      ],
      [
       201078.0,
       557342.09
      ],
      [
       201075.75,
       557343.19
      ],
      [
       201075.62,
       557342.92
      ]
     ]
    ]
   }
  },
  {
   "type": "Feature",
   "properties": {
    "id": "G02-PODIUM-STAIR-S09",
    "type": "stair_step",
    "kind": "extrude",
    "estimated": true,
    "grade": "추정",
    "basePlane": "WAY",
    "fromM": 135.11,
    "toM": 137.04,
    "assumption": "문예관 기단(138.8 m)으로 오르는 옆 계단: 20단 = (138.8 − 135.61) ÷ 0.157, 디딤 0.30 m, 폭 2.5 m(모두 가정). 자리는 정사 그림에서 화단이 끊기는 곳과 사진 21 의 가로등 옆 계단",
    "source": "사용자 사진 21, SKU 0:54, g02/smap-ortho-rectified-01m.png",
    "stair": "G02-PODIUM-STAIR"
   },
   "geometry": {
    "type": "Polygon",
    "coordinates": [
     [
      [
       201075.75,
       557343.19
      ],
      [
       201078.0,
       557342.09
      ],
      [
       201078.13,
       557342.36
      ],
      [
       201075.89,
       557343.46
      ],
      [
       201075.75,
       557343.19
      ]
     ]
    ]
   }
  },
  {
   "type": "Feature",
   "properties": {
    "id": "G02-PODIUM-STAIR-S10",
    "type": "stair_step",
    "kind": "extrude",
    "estimated": true,
    "grade": "추정",
    "basePlane": "WAY",
    "fromM": 135.11,
    "toM": 137.2,
    "assumption": "문예관 기단(138.8 m)으로 오르는 옆 계단: 20단 = (138.8 − 135.61) ÷ 0.157, 디딤 0.30 m, 폭 2.5 m(모두 가정). 자리는 정사 그림에서 화단이 끊기는 곳과 사진 21 의 가로등 옆 계단",
    "source": "사용자 사진 21, SKU 0:54, g02/smap-ortho-rectified-01m.png",
    "stair": "G02-PODIUM-STAIR"
   },
   "geometry": {
    "type": "Polygon",
    "coordinates": [
     [
      [
       201075.89,
       557343.46
      ],
      [
       201078.13,
       557342.36
      ],
      [
       201078.26,
       557342.63
      ],
      [
       201076.02,
       557343.73
      ],
      [
       201075.89,
       557343.46
      ]
     ]
    ]
   }
  },
  {
   "type": "Feature",
   "properties": {
    "id": "G02-PODIUM-STAIR-S11",
    "type": "stair_step",
    "kind": "extrude",
    "estimated": true,
    "grade": "추정",
    "basePlane": "WAY",
    "fromM": 135.11,
    "toM": 137.36,
    "assumption": "문예관 기단(138.8 m)으로 오르는 옆 계단: 20단 = (138.8 − 135.61) ÷ 0.157, 디딤 0.30 m, 폭 2.5 m(모두 가정). 자리는 정사 그림에서 화단이 끊기는 곳과 사진 21 의 가로등 옆 계단",
    "source": "사용자 사진 21, SKU 0:54, g02/smap-ortho-rectified-01m.png",
    "stair": "G02-PODIUM-STAIR"
   },
   "geometry": {
    "type": "Polygon",
    "coordinates": [
     [
      [
       201076.02,
       557343.73
      ],
      [
       201078.26,
       557342.63
      ],
      [
       201078.39,
       557342.9
      ],
      [
       201076.15,
       557344.0
      ],
      [
       201076.02,
       557343.73
      ]
     ]
    ]
   }
  },
  {
   "type": "Feature",
   "properties": {
    "id": "G02-PODIUM-STAIR-S12",
    "type": "stair_step",
    "kind": "extrude",
    "estimated": true,
    "grade": "추정",
    "basePlane": "WAY",
    "fromM": 135.11,
    "toM": 137.52,
    "assumption": "문예관 기단(138.8 m)으로 오르는 옆 계단: 20단 = (138.8 − 135.61) ÷ 0.157, 디딤 0.30 m, 폭 2.5 m(모두 가정). 자리는 정사 그림에서 화단이 끊기는 곳과 사진 21 의 가로등 옆 계단",
    "source": "사용자 사진 21, SKU 0:54, g02/smap-ortho-rectified-01m.png",
    "stair": "G02-PODIUM-STAIR"
   },
   "geometry": {
    "type": "Polygon",
    "coordinates": [
     [
      [
       201076.15,
       557344.0
      ],
      [
       201078.39,
       557342.9
      ],
      [
       201078.53,
       557343.16
      ],
      [
       201076.28,
       557344.27
      ],
      [
       201076.15,
       557344.0
      ]
     ]
    ]
   }
  },
  {
   "type": "Feature",
   "properties": {
    "id": "G02-PODIUM-STAIR-S13",
    "type": "stair_step",
    "kind": "extrude",
    "estimated": true,
    "grade": "추정",
    "basePlane": "WAY",
    "fromM": 135.11,
    "toM": 137.68,
    "assumption": "문예관 기단(138.8 m)으로 오르는 옆 계단: 20단 = (138.8 − 135.61) ÷ 0.157, 디딤 0.30 m, 폭 2.5 m(모두 가정). 자리는 정사 그림에서 화단이 끊기는 곳과 사진 21 의 가로등 옆 계단",
    "source": "사용자 사진 21, SKU 0:54, g02/smap-ortho-rectified-01m.png",
    "stair": "G02-PODIUM-STAIR"
   },
   "geometry": {
    "type": "Polygon",
    "coordinates": [
     [
      [
       201076.28,
       557344.27
      ],
      [
       201078.53,
       557343.16
      ],
      [
       201078.66,
       557343.43
      ],
      [
       201076.42,
       557344.54
      ],
      [
       201076.28,
       557344.27
      ]
     ]
    ]
   }
  },
  {
   "type": "Feature",
   "properties": {
    "id": "G02-PODIUM-STAIR-S14",
    "type": "stair_step",
    "kind": "extrude",
    "estimated": true,
    "grade": "추정",
    "basePlane": "WAY",
    "fromM": 135.11,
    "toM": 137.84,
    "assumption": "문예관 기단(138.8 m)으로 오르는 옆 계단: 20단 = (138.8 − 135.61) ÷ 0.157, 디딤 0.30 m, 폭 2.5 m(모두 가정). 자리는 정사 그림에서 화단이 끊기는 곳과 사진 21 의 가로등 옆 계단",
    "source": "사용자 사진 21, SKU 0:54, g02/smap-ortho-rectified-01m.png",
    "stair": "G02-PODIUM-STAIR"
   },
   "geometry": {
    "type": "Polygon",
    "coordinates": [
     [
      [
       201076.42,
       557344.54
      ],
      [
       201078.66,
       557343.43
      ],
      [
       201078.79,
       557343.7
      ],
      [
       201076.55,
       557344.81
      ],
      [
       201076.42,
       557344.54
      ]
     ]
    ]
   }
  },
  {
   "type": "Feature",
   "properties": {
    "id": "G02-PODIUM-STAIR-S15",
    "type": "stair_step",
    "kind": "extrude",
    "estimated": true,
    "grade": "추정",
    "basePlane": "WAY",
    "fromM": 135.11,
    "toM": 138.0,
    "assumption": "문예관 기단(138.8 m)으로 오르는 옆 계단: 20단 = (138.8 − 135.61) ÷ 0.157, 디딤 0.30 m, 폭 2.5 m(모두 가정). 자리는 정사 그림에서 화단이 끊기는 곳과 사진 21 의 가로등 옆 계단",
    "source": "사용자 사진 21, SKU 0:54, g02/smap-ortho-rectified-01m.png",
    "stair": "G02-PODIUM-STAIR"
   },
   "geometry": {
    "type": "Polygon",
    "coordinates": [
     [
      [
       201076.55,
       557344.81
      ],
      [
       201078.79,
       557343.7
      ],
      [
       201078.92,
       557343.97
      ],
      [
       201076.68,
       557345.08
      ],
      [
       201076.55,
       557344.81
      ]
     ]
    ]
   }
  },
  {
   "type": "Feature",
   "properties": {
    "id": "G02-PODIUM-STAIR-S16",
    "type": "stair_step",
    "kind": "extrude",
    "estimated": true,
    "grade": "추정",
    "basePlane": "WAY",
    "fromM": 135.11,
    "toM": 138.16,
    "assumption": "문예관 기단(138.8 m)으로 오르는 옆 계단: 20단 = (138.8 − 135.61) ÷ 0.157, 디딤 0.30 m, 폭 2.5 m(모두 가정). 자리는 정사 그림에서 화단이 끊기는 곳과 사진 21 의 가로등 옆 계단",
    "source": "사용자 사진 21, SKU 0:54, g02/smap-ortho-rectified-01m.png",
    "stair": "G02-PODIUM-STAIR"
   },
   "geometry": {
    "type": "Polygon",
    "coordinates": [
     [
      [
       201076.68,
       557345.08
      ],
      [
       201078.92,
       557343.97
      ],
      [
       201079.06,
       557344.24
      ],
      [
       201076.81,
       557345.34
      ],
      [
       201076.68,
       557345.08
      ]
     ]
    ]
   }
  },
  {
   "type": "Feature",
   "properties": {
    "id": "G02-PODIUM-STAIR-S17",
    "type": "stair_step",
    "kind": "extrude",
    "estimated": true,
    "grade": "추정",
    "basePlane": "WAY",
    "fromM": 135.11,
    "toM": 138.32,
    "assumption": "문예관 기단(138.8 m)으로 오르는 옆 계단: 20단 = (138.8 − 135.61) ÷ 0.157, 디딤 0.30 m, 폭 2.5 m(모두 가정). 자리는 정사 그림에서 화단이 끊기는 곳과 사진 21 의 가로등 옆 계단",
    "source": "사용자 사진 21, SKU 0:54, g02/smap-ortho-rectified-01m.png",
    "stair": "G02-PODIUM-STAIR"
   },
   "geometry": {
    "type": "Polygon",
    "coordinates": [
     [
      [
       201076.81,
       557345.34
      ],
      [
       201079.06,
       557344.24
      ],
      [
       201079.19,
       557344.51
      ],
      [
       201076.94,
       557345.61
      ],
      [
       201076.81,
       557345.34
      ]
     ]
    ]
   }
  },
  {
   "type": "Feature",
   "properties": {
    "id": "G02-PODIUM-STAIR-S18",
    "type": "stair_step",
    "kind": "extrude",
    "estimated": true,
    "grade": "추정",
    "basePlane": "WAY",
    "fromM": 135.11,
    "toM": 138.48,
    "assumption": "문예관 기단(138.8 m)으로 오르는 옆 계단: 20단 = (138.8 − 135.61) ÷ 0.157, 디딤 0.30 m, 폭 2.5 m(모두 가정). 자리는 정사 그림에서 화단이 끊기는 곳과 사진 21 의 가로등 옆 계단",
    "source": "사용자 사진 21, SKU 0:54, g02/smap-ortho-rectified-01m.png",
    "stair": "G02-PODIUM-STAIR"
   },
   "geometry": {
    "type": "Polygon",
    "coordinates": [
     [
      [
       201076.94,
       557345.61
      ],
      [
       201079.19,
       557344.51
      ],
      [
       201079.32,
       557344.78
      ],
      [
       201077.08,
       557345.88
      ],
      [
       201076.94,
       557345.61
      ]
     ]
    ]
   }
  },
  {
   "type": "Feature",
   "properties": {
    "id": "G02-PODIUM-STAIR-S19",
    "type": "stair_step",
    "kind": "extrude",
    "estimated": true,
    "grade": "추정",
    "basePlane": "WAY",
    "fromM": 135.11,
    "toM": 138.64,
    "assumption": "문예관 기단(138.8 m)으로 오르는 옆 계단: 20단 = (138.8 − 135.61) ÷ 0.157, 디딤 0.30 m, 폭 2.5 m(모두 가정). 자리는 정사 그림에서 화단이 끊기는 곳과 사진 21 의 가로등 옆 계단",
    "source": "사용자 사진 21, SKU 0:54, g02/smap-ortho-rectified-01m.png",
    "stair": "G02-PODIUM-STAIR"
   },
   "geometry": {
    "type": "Polygon",
    "coordinates": [
     [
      [
       201077.08,
       557345.88
      ],
      [
       201079.32,
       557344.78
      ],
      [
       201079.45,
       557345.05
      ],
      [
       201077.21,
       557346.15
      ],
      [
       201077.08,
       557345.88
      ]
     ]
    ]
   }
  },
  {
   "type": "Feature",
   "properties": {
    "id": "G02-PODIUM-STAIR-S20",
    "type": "stair_step",
    "kind": "extrude",
    "estimated": true,
    "grade": "추정",
    "basePlane": "WAY",
    "fromM": 135.11,
    "toM": 138.8,
    "assumption": "문예관 기단(138.8 m)으로 오르는 옆 계단: 20단 = (138.8 − 135.61) ÷ 0.157, 디딤 0.30 m, 폭 2.5 m(모두 가정). 자리는 정사 그림에서 화단이 끊기는 곳과 사진 21 의 가로등 옆 계단",
    "source": "사용자 사진 21, SKU 0:54, g02/smap-ortho-rectified-01m.png",
    "stair": "G02-PODIUM-STAIR"
   },
   "geometry": {
    "type": "Polygon",
    "coordinates": [
     [
      [
       201077.21,
       557346.15
      ],
      [
       201079.45,
       557345.05
      ],
      [
       201079.59,
       557345.32
      ],
      [
       201077.34,
       557346.42
      ],
      [
       201077.21,
       557346.15
      ]
     ]
    ]
   }
  },
  {
   "type": "Feature",
   "properties": {
    "id": "G02-NPLANT-B",
    "type": "planter",
    "kind": "extrude",
    "estimated": true,
    "grade": "추정",
    "basePlane": "WAY",
    "fromM": 135.83,
    "toM": 139.25,
    "assumption": "문예관 기단 앞 화단 벽: 윗면 = 기단 138.8 + 0.45 m(추정)",
    "source": "사용자 사진 20·21·26·31, 거리뷰 09, SKU 영상 0:52~1:00, DAKNAT 영상 3:12~3:24·5:21~5:35"
   },
   "geometry": {
    "type": "Polygon",
    "coordinates": [
     [
      [
       201076.94,
       557339.93
      ],
      [
       201091.3,
       557332.87
      ],
      [
       201091.74,
       557333.77
      ],
      [
       201077.38,
       557340.83
      ],
      [
       201076.94,
       557339.93
      ]
     ]
    ]
   }
  },
  {
   "type": "Feature",
   "properties": {
    "id": "G02-NPLANT-C50",
    "type": "planter",
    "kind": "extrude",
    "estimated": true,
    "grade": "추정",
    "basePlane": "WAY",
    "fromM": 138.21,
    "toM": 140.21,
    "assumption": "문예관 낮은 날개(카페) 앞 화단: 큰 화강석 상자에 관목, 윗면 = 마디 위쪽 끝 경사면 + 1.2 m(S-MAP 이 +1~+2 m 로 읽힘, 사진 26 눈대중)",
    "source": "사용자 사진 25·26, S-MAP 3D 뷰어 메시 0.5 m 판독(g02/smap-mesh-g02-way-05m-a~d.txt, 2026-10-11)"
   },
   "geometry": {
    "type": "Polygon",
    "coordinates": [
     [
      [
       201091.3,
       557332.87
      ],
      [
       201096.09,
       557330.52
      ],
      [
       201097.85,
       557334.11
      ],
      [
       201093.06,
       557336.46
      ],
      [
       201091.3,
       557332.87
      ]
     ]
    ]
   }
  },
  {
   "type": "Feature",
   "properties": {
    "id": "G02-NPLANT-C55",
    "type": "planter",
    "kind": "extrude",
    "estimated": true,
    "grade": "추정",
    "basePlane": "WAY",
    "fromM": 139.01,
    "toM": 141.13,
    "assumption": "문예관 낮은 날개(카페) 앞 화단: 큰 화강석 상자에 관목, 윗면 = 마디 위쪽 끝 경사면 + 1.2 m(S-MAP 이 +1~+2 m 로 읽힘, 사진 26 눈대중)",
    "source": "사용자 사진 25·26, S-MAP 3D 뷰어 메시 0.5 m 판독(g02/smap-mesh-g02-way-05m-a~d.txt, 2026-10-11)"
   },
   "geometry": {
    "type": "Polygon",
    "coordinates": [
     [
      [
       201096.09,
       557330.52
      ],
      [
       201100.88,
       557328.16
      ],
      [
       201102.65,
       557331.75
      ],
      [
       201097.85,
       557334.11
      ],
      [
       201096.09,
       557330.52
      ]
     ]
    ]
   }
  },
  {
   "type": "Feature",
   "properties": {
    "id": "G02-NPLANT-C61",
    "type": "planter",
    "kind": "extrude",
    "estimated": true,
    "grade": "추정",
    "basePlane": "WAY",
    "fromM": 139.93,
    "toM": 142.04,
    "assumption": "문예관 낮은 날개(카페) 앞 화단: 큰 화강석 상자에 관목, 윗면 = 마디 위쪽 끝 경사면 + 1.2 m(S-MAP 이 +1~+2 m 로 읽힘, 사진 26 눈대중)",
    "source": "사용자 사진 25·26, S-MAP 3D 뷰어 메시 0.5 m 판독(g02/smap-mesh-g02-way-05m-a~d.txt, 2026-10-11)"
   },
   "geometry": {
    "type": "Polygon",
    "coordinates": [
     [
      [
       201100.88,
       557328.16
      ],
      [
       201105.66,
       557325.82
      ],
      [
       201107.42,
       557329.4
      ],
      [
       201102.65,
       557331.75
      ],
      [
       201100.88,
       557328.16
      ]
     ]
    ]
   }
  },
  {
   "type": "Feature",
   "properties": {
    "id": "G02-FORK-STAIR-S01",
    "type": "stair_step",
    "kind": "extrude",
    "estimated": true,
    "grade": "추정",
    "basePlane": "WAY",
    "fromM": 140.71,
    "toM": 141.17,
    "assumption": "갈림 계단(문예관 3층 로비로 가는 옆 계단): 20단 = (144.2 − 141.01) ÷ 0.16, 폭 2 m(가정). 선은 사용자 그림 10 을 옮긴 시험용 DB 길 040d4571(±3 m)",
    "source": "사용자 확정(오르막길 중간에 옆으로 빠지는 계단), 그림 10, 시험용 DB 길 040d4571",
    "stair": "G02-FORK-STAIR"
   },
   "geometry": {
    "type": "Polygon",
    "coordinates": [
     [
      [
       201105.71,
       557325.57
      ],
      [
       201106.19,
       557325.84
      ],
      [
       201107.16,
       557324.09
      ],
      [
       201106.69,
       557323.83
      ],
      [
       201105.71,
       557325.57
      ]
     ]
    ]
   }
  },
  {
   "type": "Feature",
   "properties": {
    "id": "G02-FORK-STAIR-S02",
    "type": "stair_step",
    "kind": "extrude",
    "estimated": true,
    "grade": "추정",
    "basePlane": "WAY",
    "fromM": 140.71,
    "toM": 141.33,
    "assumption": "갈림 계단(문예관 3층 로비로 가는 옆 계단): 20단 = (144.2 − 141.01) ÷ 0.16, 폭 2 m(가정). 선은 사용자 그림 10 을 옮긴 시험용 DB 길 040d4571(±3 m)",
    "source": "사용자 확정(오르막길 중간에 옆으로 빠지는 계단), 그림 10, 시험용 DB 길 040d4571",
    "stair": "G02-FORK-STAIR"
   },
   "geometry": {
    "type": "Polygon",
    "coordinates": [
     [
      [
       201106.19,
       557325.84
      ],
      [
       201106.66,
       557326.1
      ],
      [
       201107.63,
       557324.35
      ],
      [
       201107.16,
       557324.09
      ],
      [
       201106.19,
       557325.84
      ]
     ]
    ]
   }
  },
  {
   "type": "Feature",
   "properties": {
    "id": "G02-FORK-STAIR-S03",
    "type": "stair_step",
    "kind": "extrude",
    "estimated": true,
    "grade": "추정",
    "basePlane": "WAY",
    "fromM": 140.71,
    "toM": 141.49,
    "assumption": "갈림 계단(문예관 3층 로비로 가는 옆 계단): 20단 = (144.2 − 141.01) ÷ 0.16, 폭 2 m(가정). 선은 사용자 그림 10 을 옮긴 시험용 DB 길 040d4571(±3 m)",
    "source": "사용자 확정(오르막길 중간에 옆으로 빠지는 계단), 그림 10, 시험용 DB 길 040d4571",
    "stair": "G02-FORK-STAIR"
   },
   "geometry": {
    "type": "Polygon",
    "coordinates": [
     [
      [
       201106.66,
       557326.1
      ],
      [
       201107.13,
       557326.36
      ],
      [
       201108.1,
       557324.61
      ],
      [
       201107.63,
       557324.35
      ],
      [
       201106.66,
       557326.1
      ]
     ]
    ]
   }
  },
  {
   "type": "Feature",
   "properties": {
    "id": "G02-FORK-STAIR-S04",
    "type": "stair_step",
    "kind": "extrude",
    "estimated": true,
    "grade": "추정",
    "basePlane": "WAY",
    "fromM": 140.71,
    "toM": 141.65,
    "assumption": "갈림 계단(문예관 3층 로비로 가는 옆 계단): 20단 = (144.2 − 141.01) ÷ 0.16, 폭 2 m(가정). 선은 사용자 그림 10 을 옮긴 시험용 DB 길 040d4571(±3 m)",
    "source": "사용자 확정(오르막길 중간에 옆으로 빠지는 계단), 그림 10, 시험용 DB 길 040d4571",
    "stair": "G02-FORK-STAIR"
   },
   "geometry": {
    "type": "Polygon",
    "coordinates": [
     [
      [
       201107.13,
       557326.36
      ],
      [
       201107.61,
       557326.62
      ],
      [
       201108.58,
       557324.88
      ],
      [
       201108.1,
       557324.61
      ],
      [
       201107.13,
       557326.36
      ]
     ]
    ]
   }
  },
  {
   "type": "Feature",
   "properties": {
    "id": "G02-FORK-STAIR-S05",
    "type": "stair_step",
    "kind": "extrude",
    "estimated": true,
    "grade": "추정",
    "basePlane": "WAY",
    "fromM": 140.71,
    "toM": 141.81,
    "assumption": "갈림 계단(문예관 3층 로비로 가는 옆 계단): 20단 = (144.2 − 141.01) ÷ 0.16, 폭 2 m(가정). 선은 사용자 그림 10 을 옮긴 시험용 DB 길 040d4571(±3 m)",
    "source": "사용자 확정(오르막길 중간에 옆으로 빠지는 계단), 그림 10, 시험용 DB 길 040d4571",
    "stair": "G02-FORK-STAIR"
   },
   "geometry": {
    "type": "Polygon",
    "coordinates": [
     [
      [
       201107.61,
       557326.62
      ],
      [
       201108.08,
       557326.89
      ],
      [
       201109.05,
       557325.14
      ],
      [
       201108.58,
       557324.88
      ],
      [
       201107.61,
       557326.62
      ]
     ]
    ]
   }
  },
  {
   "type": "Feature",
   "properties": {
    "id": "G02-FORK-STAIR-S06",
    "type": "stair_step",
    "kind": "extrude",
    "estimated": true,
    "grade": "추정",
    "basePlane": "WAY",
    "fromM": 140.71,
    "toM": 141.97,
    "assumption": "갈림 계단(문예관 3층 로비로 가는 옆 계단): 20단 = (144.2 − 141.01) ÷ 0.16, 폭 2 m(가정). 선은 사용자 그림 10 을 옮긴 시험용 DB 길 040d4571(±3 m)",
    "source": "사용자 확정(오르막길 중간에 옆으로 빠지는 계단), 그림 10, 시험용 DB 길 040d4571",
    "stair": "G02-FORK-STAIR"
   },
   "geometry": {
    "type": "Polygon",
    "coordinates": [
     [
      [
       201107.99,
       557326.83
      ],
      [
       201108.42,
       557327.14
      ],
      [
       201109.58,
       557325.5
      ],
      [
       201109.14,
       557325.2
      ],
      [
       201107.99,
       557326.83
      ]
     ]
    ]
   }
  },
  {
   "type": "Feature",
   "properties": {
    "id": "G02-FORK-STAIR-S07",
    "type": "stair_step",
    "kind": "extrude",
    "estimated": true,
    "grade": "추정",
    "basePlane": "WAY",
    "fromM": 140.71,
    "toM": 142.13,
    "assumption": "갈림 계단(문예관 3층 로비로 가는 옆 계단): 20단 = (144.2 − 141.01) ÷ 0.16, 폭 2 m(가정). 선은 사용자 그림 10 을 옮긴 시험용 DB 길 040d4571(±3 m)",
    "source": "사용자 확정(오르막길 중간에 옆으로 빠지는 계단), 그림 10, 시험용 DB 길 040d4571",
    "stair": "G02-FORK-STAIR"
   },
   "geometry": {
    "type": "Polygon",
    "coordinates": [
     [
      [
       201108.23,
       557326.96
      ],
      [
       201108.57,
       557327.37
      ],
      [
       201110.11,
       557326.1
      ],
      [
       201109.77,
       557325.68
      ],
      [
       201108.23,
       557326.96
      ]
     ]
    ]
   }
  },
  {
   "type": "Feature",
   "properties": {
    "id": "G02-FORK-STAIR-S08",
    "type": "stair_step",
    "kind": "extrude",
    "estimated": true,
    "grade": "추정",
    "basePlane": "WAY",
    "fromM": 140.71,
    "toM": 142.29,
    "assumption": "갈림 계단(문예관 3층 로비로 가는 옆 계단): 20단 = (144.2 − 141.01) ÷ 0.16, 폭 2 m(가정). 선은 사용자 그림 10 을 옮긴 시험용 DB 길 040d4571(±3 m)",
    "source": "사용자 확정(오르막길 중간에 옆으로 빠지는 계단), 그림 10, 시험용 DB 길 040d4571",
    "stair": "G02-FORK-STAIR"
   },
   "geometry": {
    "type": "Polygon",
    "coordinates": [
     [
      [
       201108.57,
       557327.37
      ],
      [
       201108.92,
       557327.79
      ],
      [
       201110.46,
       557326.52
      ],
      [
       201110.11,
       557326.1
      ],
      [
       201108.57,
       557327.37
      ]
     ]
    ]
   }
  },
  {
   "type": "Feature",
   "properties": {
    "id": "G02-FORK-STAIR-S09",
    "type": "stair_step",
    "kind": "extrude",
    "estimated": true,
    "grade": "추정",
    "basePlane": "WAY",
    "fromM": 140.71,
    "toM": 142.44,
    "assumption": "갈림 계단(문예관 3층 로비로 가는 옆 계단): 20단 = (144.2 − 141.01) ÷ 0.16, 폭 2 m(가정). 선은 사용자 그림 10 을 옮긴 시험용 DB 길 040d4571(±3 m)",
    "source": "사용자 확정(오르막길 중간에 옆으로 빠지는 계단), 그림 10, 시험용 DB 길 040d4571",
    "stair": "G02-FORK-STAIR"
   },
   "geometry": {
    "type": "Polygon",
    "coordinates": [
     [
      [
       201108.92,
       557327.79
      ],
      [
       201109.26,
       557328.21
      ],
      [
       201110.8,
       557326.93
      ],
      [
       201110.46,
       557326.52
      ],
      [
       201108.92,
       557327.79
      ]
     ]
    ]
   }
  },
  {
   "type": "Feature",
   "properties": {
    "id": "G02-FORK-STAIR-S10",
    "type": "stair_step",
    "kind": "extrude",
    "estimated": true,
    "grade": "추정",
    "basePlane": "WAY",
    "fromM": 140.71,
    "toM": 142.6,
    "assumption": "갈림 계단(문예관 3층 로비로 가는 옆 계단): 20단 = (144.2 − 141.01) ÷ 0.16, 폭 2 m(가정). 선은 사용자 그림 10 을 옮긴 시험용 DB 길 040d4571(±3 m)",
    "source": "사용자 확정(오르막길 중간에 옆으로 빠지는 계단), 그림 10, 시험용 DB 길 040d4571",
    "stair": "G02-FORK-STAIR"
   },
   "geometry": {
    "type": "Polygon",
    "coordinates": [
     [
      [
       201109.26,
       557328.21
      ],
      [
       201109.61,
       557328.62
      ],
      [
       201111.15,
       557327.35
      ],
      [
       201110.8,
       557326.93
      ],
      [
       201109.26,
       557328.21
      ]
     ]
    ]
   }
  },
  {
   "type": "Feature",
   "properties": {
    "id": "G02-FORK-STAIR-S11",
    "type": "stair_step",
    "kind": "extrude",
    "estimated": true,
    "grade": "추정",
    "basePlane": "WAY",
    "fromM": 140.71,
    "toM": 142.76,
    "assumption": "갈림 계단(문예관 3층 로비로 가는 옆 계단): 20단 = (144.2 − 141.01) ÷ 0.16, 폭 2 m(가정). 선은 사용자 그림 10 을 옮긴 시험용 DB 길 040d4571(±3 m)",
    "source": "사용자 확정(오르막길 중간에 옆으로 빠지는 계단), 그림 10, 시험용 DB 길 040d4571",
    "stair": "G02-FORK-STAIR"
   },
   "geometry": {
    "type": "Polygon",
    "coordinates": [
     [
      [
       201109.61,
       557328.62
      ],
      [
       201109.95,
       557329.04
      ],
      [
       201111.49,
       557327.77
      ],
      [
       201111.15,
       557327.35
      ],
      [
       201109.61,
       557328.62
      ]
     ]
    ]
   }
  },
  {
   "type": "Feature",
   "properties": {
    "id": "G02-FORK-STAIR-S12",
    "type": "stair_step",
    "kind": "extrude",
    "estimated": true,
    "grade": "추정",
    "basePlane": "WAY",
    "fromM": 140.71,
    "toM": 142.92,
    "assumption": "갈림 계단(문예관 3층 로비로 가는 옆 계단): 20단 = (144.2 − 141.01) ÷ 0.16, 폭 2 m(가정). 선은 사용자 그림 10 을 옮긴 시험용 DB 길 040d4571(±3 m)",
    "source": "사용자 확정(오르막길 중간에 옆으로 빠지는 계단), 그림 10, 시험용 DB 길 040d4571",
    "stair": "G02-FORK-STAIR"
   },
   "geometry": {
    "type": "Polygon",
    "coordinates": [
     [
      [
       201109.81,
       557328.81
      ],
      [
       201110.02,
       557329.3
      ],
      [
       201111.85,
       557328.49
      ],
      [
       201111.64,
       557328.0
      ],
      [
       201109.81,
       557328.81
      ]
     ]
    ]
   }
  },
  {
   "type": "Feature",
   "properties": {
    "id": "G02-FORK-STAIR-S13",
    "type": "stair_step",
    "kind": "extrude",
    "estimated": true,
    "grade": "추정",
    "basePlane": "WAY",
    "fromM": 140.71,
    "toM": 143.08,
    "assumption": "갈림 계단(문예관 3층 로비로 가는 옆 계단): 20단 = (144.2 − 141.01) ÷ 0.16, 폭 2 m(가정). 선은 사용자 그림 10 을 옮긴 시험용 DB 길 040d4571(±3 m)",
    "source": "사용자 확정(오르막길 중간에 옆으로 빠지는 계단), 그림 10, 시험용 DB 길 040d4571",
    "stair": "G02-FORK-STAIR"
   },
   "geometry": {
    "type": "Polygon",
    "coordinates": [
     [
      [
       201109.99,
       557329.22
      ],
      [
       201110.17,
       557329.73
      ],
      [
       201112.06,
       557329.08
      ],
      [
       201111.88,
       557328.57
      ],
      [
       201109.99,
       557329.22
      ]
     ]
    ]
   }
  },
  {
   "type": "Feature",
   "properties": {
    "id": "G02-FORK-STAIR-S14",
    "type": "stair_step",
    "kind": "extrude",
    "estimated": true,
    "grade": "추정",
    "basePlane": "WAY",
    "fromM": 140.71,
    "toM": 143.24,
    "assumption": "갈림 계단(문예관 3층 로비로 가는 옆 계단): 20단 = (144.2 − 141.01) ÷ 0.16, 폭 2 m(가정). 선은 사용자 그림 10 을 옮긴 시험용 DB 길 040d4571(±3 m)",
    "source": "사용자 확정(오르막길 중간에 옆으로 빠지는 계단), 그림 10, 시험용 DB 길 040d4571",
    "stair": "G02-FORK-STAIR"
   },
   "geometry": {
    "type": "Polygon",
    "coordinates": [
     [
      [
       201110.17,
       557329.73
      ],
      [
       201110.35,
       557330.24
      ],
      [
       201112.24,
       557329.59
      ],
      [
       201112.06,
       557329.08
      ],
      [
       201110.17,
       557329.73
      ]
     ]
    ]
   }
  },
  {
   "type": "Feature",
   "properties": {
    "id": "G02-FORK-STAIR-S15",
    "type": "stair_step",
    "kind": "extrude",
    "estimated": true,
    "grade": "추정",
    "basePlane": "WAY",
    "fromM": 140.71,
    "toM": 143.4,
    "assumption": "갈림 계단(문예관 3층 로비로 가는 옆 계단): 20단 = (144.2 − 141.01) ÷ 0.16, 폭 2 m(가정). 선은 사용자 그림 10 을 옮긴 시험용 DB 길 040d4571(±3 m)",
    "source": "사용자 확정(오르막길 중간에 옆으로 빠지는 계단), 그림 10, 시험용 DB 길 040d4571",
    "stair": "G02-FORK-STAIR"
   },
   "geometry": {
    "type": "Polygon",
    "coordinates": [
     [
      [
       201110.35,
       557330.24
      ],
      [
       201110.53,
       557330.76
      ],
      [
       201112.41,
       557330.1
      ],
      [
       201112.24,
       557329.59
      ],
      [
       201110.35,
       557330.24
      ]
     ]
    ]
   }
  },
  {
   "type": "Feature",
   "properties": {
    "id": "G02-FORK-STAIR-S16",
    "type": "stair_step",
    "kind": "extrude",
    "estimated": true,
    "grade": "추정",
    "basePlane": "WAY",
    "fromM": 140.71,
    "toM": 143.56,
    "assumption": "갈림 계단(문예관 3층 로비로 가는 옆 계단): 20단 = (144.2 − 141.01) ÷ 0.16, 폭 2 m(가정). 선은 사용자 그림 10 을 옮긴 시험용 DB 길 040d4571(±3 m)",
    "source": "사용자 확정(오르막길 중간에 옆으로 빠지는 계단), 그림 10, 시험용 DB 길 040d4571",
    "stair": "G02-FORK-STAIR"
   },
   "geometry": {
    "type": "Polygon",
    "coordinates": [
     [
      [
       201110.51,
       557330.69
      ],
      [
       201110.65,
       557331.21
      ],
      [
       201112.58,
       557330.68
      ],
      [
       201112.43,
       557330.16
      ],
      [
       201110.51,
       557330.69
      ]
     ]
    ]
   }
  },
  {
   "type": "Feature",
   "properties": {
    "id": "G02-FORK-STAIR-S17",
    "type": "stair_step",
    "kind": "extrude",
    "estimated": true,
    "grade": "추정",
    "basePlane": "WAY",
    "fromM": 140.71,
    "toM": 143.72,
    "assumption": "갈림 계단(문예관 3층 로비로 가는 옆 계단): 20단 = (144.2 − 141.01) ÷ 0.16, 폭 2 m(가정). 선은 사용자 그림 10 을 옮긴 시험용 DB 길 040d4571(±3 m)",
    "source": "사용자 확정(오르막길 중간에 옆으로 빠지는 계단), 그림 10, 시험용 DB 길 040d4571",
    "stair": "G02-FORK-STAIR"
   },
   "geometry": {
    "type": "Polygon",
    "coordinates": [
     [
      [
       201110.62,
       557331.03
      ],
      [
       201110.66,
       557331.57
      ],
      [
       201112.66,
       557331.4
      ],
      [
       201112.61,
       557330.86
      ],
      [
       201110.62,
       557331.03
      ]
     ]
    ]
   }
  },
  {
   "type": "Feature",
   "properties": {
    "id": "G02-FORK-STAIR-S18",
    "type": "stair_step",
    "kind": "extrude",
    "estimated": true,
    "grade": "추정",
    "basePlane": "WAY",
    "fromM": 140.71,
    "toM": 143.88,
    "assumption": "갈림 계단(문예관 3층 로비로 가는 옆 계단): 20단 = (144.2 − 141.01) ÷ 0.16, 폭 2 m(가정). 선은 사용자 그림 10 을 옮긴 시험용 DB 길 040d4571(±3 m)",
    "source": "사용자 확정(오르막길 중간에 옆으로 빠지는 계단), 그림 10, 시험용 DB 길 040d4571",
    "stair": "G02-FORK-STAIR"
   },
   "geometry": {
    "type": "Polygon",
    "coordinates": [
     [
      [
       201110.66,
       557331.57
      ],
      [
       201110.71,
       557332.11
      ],
      [
       201112.7,
       557331.94
      ],
      [
       201112.66,
       557331.4
      ],
      [
       201110.66,
       557331.57
      ]
     ]
    ]
   }
  },
  {
   "type": "Feature",
   "properties": {
    "id": "G02-FORK-STAIR-S19",
    "type": "stair_step",
    "kind": "extrude",
    "estimated": true,
    "grade": "추정",
    "basePlane": "WAY",
    "fromM": 140.71,
    "toM": 144.04,
    "assumption": "갈림 계단(문예관 3층 로비로 가는 옆 계단): 20단 = (144.2 − 141.01) ÷ 0.16, 폭 2 m(가정). 선은 사용자 그림 10 을 옮긴 시험용 DB 길 040d4571(±3 m)",
    "source": "사용자 확정(오르막길 중간에 옆으로 빠지는 계단), 그림 10, 시험용 DB 길 040d4571",
    "stair": "G02-FORK-STAIR"
   },
   "geometry": {
    "type": "Polygon",
    "coordinates": [
     [
      [
       201110.71,
       557332.11
      ],
      [
       201110.76,
       557332.65
      ],
      [
       201112.75,
       557332.47
      ],
      [
       201112.7,
       557331.94
      ],
      [
       201110.71,
       557332.11
      ]
     ]
    ]
   }
  },
  {
   "type": "Feature",
   "properties": {
    "id": "G02-FORK-STAIR-S20",
    "type": "stair_step",
    "kind": "extrude",
    "estimated": true,
    "grade": "추정",
    "basePlane": "WAY",
    "fromM": 140.71,
    "toM": 144.2,
    "assumption": "갈림 계단(문예관 3층 로비로 가는 옆 계단): 20단 = (144.2 − 141.01) ÷ 0.16, 폭 2 m(가정). 선은 사용자 그림 10 을 옮긴 시험용 DB 길 040d4571(±3 m)",
    "source": "사용자 확정(오르막길 중간에 옆으로 빠지는 계단), 그림 10, 시험용 DB 길 040d4571",
    "stair": "G02-FORK-STAIR"
   },
   "geometry": {
    "type": "Polygon",
    "coordinates": [
     [
      [
       201110.76,
       557332.65
      ],
      [
       201110.8,
       557333.19
      ],
      [
       201112.8,
       557333.01
      ],
      [
       201112.75,
       557332.47
      ],
      [
       201110.76,
       557332.65
      ]
     ]
    ]
   }
  },
  {
   "type": "Feature",
   "properties": {
    "id": "G02-NPLANT-D76",
    "type": "planter",
    "kind": "extrude",
    "estimated": true,
    "grade": "추정",
    "basePlane": "WAY",
    "fromM": 142.56,
    "toM": 145.95,
    "assumption": "대일관 서쪽 끝 앞 평탄부(145.5 m)와 길 사이 화단: 윗면 = 145.5 + 0.45 m(추정). 평면은 정사 그림의 나무 자리",
    "source": "사용자 사진 8, 그림 11, g02/smap-ortho-rectified-01m.png"
   },
   "geometry": {
    "type": "Polygon",
    "coordinates": [
     [
      [
       201114.63,
       557321.4
      ],
      [
       201119.42,
       557319.05
      ],
      [
       201121.19,
       557322.64
      ],
      [
       201116.39,
       557324.99
      ],
      [
       201114.63,
       557321.4
      ]
     ]
    ]
   }
  },
  {
   "type": "Feature",
   "properties": {
    "id": "G02-NPLANT-D81",
    "type": "planter",
    "kind": "extrude",
    "estimated": true,
    "grade": "추정",
    "basePlane": "WAY",
    "fromM": 143.48,
    "toM": 145.95,
    "assumption": "대일관 서쪽 끝 앞 평탄부(145.5 m)와 길 사이 화단: 윗면 = 145.5 + 0.45 m(추정). 평면은 정사 그림의 나무 자리",
    "source": "사용자 사진 8, 그림 11, g02/smap-ortho-rectified-01m.png"
   },
   "geometry": {
    "type": "Polygon",
    "coordinates": [
     [
      [
       201119.42,
       557319.05
      ],
      [
       201124.21,
       557316.69
      ],
      [
       201125.98,
       557320.28
      ],
      [
       201121.19,
       557322.64
      ],
      [
       201119.42,
       557319.05
      ]
     ]
    ]
   }
  },
  {
   "type": "Feature",
   "properties": {
    "id": "G02-NPLANT-D87",
    "type": "planter",
    "kind": "extrude",
    "estimated": true,
    "grade": "추정",
    "basePlane": "WAY",
    "fromM": 144.39,
    "toM": 145.95,
    "assumption": "대일관 서쪽 끝 앞 평탄부(145.5 m)와 길 사이 화단: 윗면 = 145.5 + 0.45 m(추정). 평면은 정사 그림의 나무 자리",
    "source": "사용자 사진 8, 그림 11, g02/smap-ortho-rectified-01m.png"
   },
   "geometry": {
    "type": "Polygon",
    "coordinates": [
     [
      [
       201124.21,
       557316.69
      ],
      [
       201128.99,
       557314.34
      ],
      [
       201130.75,
       557317.93
      ],
      [
       201125.98,
       557320.28
      ],
      [
       201124.21,
       557316.69
      ]
     ]
    ]
   }
  },
  {
   "type": "Feature",
   "properties": {
    "id": "G02-HWALL-069",
    "type": "wall",
    "kind": "extrude",
    "estimated": true,
    "grade": "추정",
    "basePlane": "WAY",
    "fromM": 141.41,
    "toM": 142.58,
    "assumption": "한림관 쪽 가장자리 난간 벽: 윗면 = 경사면 + 1.0 m, 두께 0.3 m, 선 자리 t = −2.5 는 S-MAP 이 꺼지기 시작하는 곳(±1.5 m). 모두 추정. 본관 쪽 보도는 이 벽 안쪽(t −2.2~−0.6)으로 은주관 옆까지 이어진다(범위는 사용자 확정, 폭·자리는 추정)",
    "source": "사용자 사진 30, 그림 11, 사용자 답 2026-10-11, S-MAP 3D 뷰어 메시 0.5 m 판독(g02/smap-mesh-g02-way-05m-a~d.txt, 2026-10-11)"
   },
   "geometry": {
    "type": "Polygon",
    "coordinates": [
     [
      [
       201105.09,
       557317.18
      ],
      [
       201106.88,
       557316.3
      ],
      [
       201107.01,
       557316.57
      ],
      [
       201105.22,
       557317.45
      ],
      [
       201105.09,
       557317.18
      ]
     ]
    ]
   }
  },
  {
   "type": "Feature",
   "properties": {
    "id": "G02-HWALL-071",
    "type": "wall",
    "kind": "extrude",
    "estimated": true,
    "grade": "추정",
    "basePlane": "WAY",
    "fromM": 141.75,
    "toM": 142.92,
    "assumption": "한림관 쪽 가장자리 난간 벽: 윗면 = 경사면 + 1.0 m, 두께 0.3 m, 선 자리 t = −2.5 는 S-MAP 이 꺼지기 시작하는 곳(±1.5 m). 모두 추정. 본관 쪽 보도는 이 벽 안쪽(t −2.2~−0.6)으로 은주관 옆까지 이어진다(범위는 사용자 확정, 폭·자리는 추정)",
    "source": "사용자 사진 30, 그림 11, 사용자 답 2026-10-11, S-MAP 3D 뷰어 메시 0.5 m 판독(g02/smap-mesh-g02-way-05m-a~d.txt, 2026-10-11)"
   },
   "geometry": {
    "type": "Polygon",
    "coordinates": [
     [
      [
       201106.88,
       557316.3
      ],
      [
       201108.68,
       557315.42
      ],
      [
       201108.81,
       557315.68
      ],
      [
       201107.01,
       557316.57
      ],
      [
       201106.88,
       557316.3
      ]
     ]
    ]
   }
  },
  {
   "type": "Feature",
   "properties": {
    "id": "G02-HWALL-073",
    "type": "wall",
    "kind": "extrude",
    "estimated": true,
    "grade": "추정",
    "basePlane": "WAY",
    "fromM": 142.09,
    "toM": 143.27,
    "assumption": "한림관 쪽 가장자리 난간 벽: 윗면 = 경사면 + 1.0 m, 두께 0.3 m, 선 자리 t = −2.5 는 S-MAP 이 꺼지기 시작하는 곳(±1.5 m). 모두 추정. 본관 쪽 보도는 이 벽 안쪽(t −2.2~−0.6)으로 은주관 옆까지 이어진다(범위는 사용자 확정, 폭·자리는 추정)",
    "source": "사용자 사진 30, 그림 11, 사용자 답 2026-10-11, S-MAP 3D 뷰어 메시 0.5 m 판독(g02/smap-mesh-g02-way-05m-a~d.txt, 2026-10-11)"
   },
   "geometry": {
    "type": "Polygon",
    "coordinates": [
     [
      [
       201108.68,
       557315.42
      ],
      [
       201110.47,
       557314.53
      ],
      [
       201110.6,
       557314.8
      ],
      [
       201108.81,
       557315.68
      ],
      [
       201108.68,
       557315.42
      ]
     ]
    ]
   }
  },
  {
   "type": "Feature",
   "properties": {
    "id": "G02-HWALL-075",
    "type": "wall",
    "kind": "extrude",
    "estimated": true,
    "grade": "추정",
    "basePlane": "WAY",
    "fromM": 142.44,
    "toM": 143.61,
    "assumption": "한림관 쪽 가장자리 난간 벽: 윗면 = 경사면 + 1.0 m, 두께 0.3 m, 선 자리 t = −2.5 는 S-MAP 이 꺼지기 시작하는 곳(±1.5 m). 모두 추정. 본관 쪽 보도는 이 벽 안쪽(t −2.2~−0.6)으로 은주관 옆까지 이어진다(범위는 사용자 확정, 폭·자리는 추정)",
    "source": "사용자 사진 30, 그림 11, 사용자 답 2026-10-11, S-MAP 3D 뷰어 메시 0.5 m 판독(g02/smap-mesh-g02-way-05m-a~d.txt, 2026-10-11)"
   },
   "geometry": {
    "type": "Polygon",
    "coordinates": [
     [
      [
       201110.47,
       557314.53
      ],
      [
       201112.27,
       557313.65
      ],
      [
       201112.4,
       557313.92
      ],
      [
       201110.6,
       557314.8
      ],
      [
       201110.47,
       557314.53
      ]
     ]
    ]
   }
  },
  {
   "type": "Feature",
   "properties": {
    "id": "G02-HWALL-077",
    "type": "wall",
    "kind": "extrude",
    "estimated": true,
    "grade": "추정",
    "basePlane": "WAY",
    "fromM": 142.78,
    "toM": 143.95,
    "assumption": "한림관 쪽 가장자리 난간 벽: 윗면 = 경사면 + 1.0 m, 두께 0.3 m, 선 자리 t = −2.5 는 S-MAP 이 꺼지기 시작하는 곳(±1.5 m). 모두 추정. 본관 쪽 보도는 이 벽 안쪽(t −2.2~−0.6)으로 은주관 옆까지 이어진다(범위는 사용자 확정, 폭·자리는 추정)",
    "source": "사용자 사진 30, 그림 11, 사용자 답 2026-10-11, S-MAP 3D 뷰어 메시 0.5 m 판독(g02/smap-mesh-g02-way-05m-a~d.txt, 2026-10-11)"
   },
   "geometry": {
    "type": "Polygon",
    "coordinates": [
     [
      [
       201112.27,
       557313.65
      ],
      [
       201114.06,
       557312.77
      ],
      [
       201114.19,
       557313.04
      ],
      [
       201112.4,
       557313.92
      ],
      [
       201112.27,
       557313.65
      ]
     ]
    ]
   }
  },
  {
   "type": "Feature",
   "properties": {
    "id": "G02-HWALL-079",
    "type": "wall",
    "kind": "extrude",
    "estimated": true,
    "grade": "추정",
    "basePlane": "WAY",
    "fromM": 143.13,
    "toM": 144.3,
    "assumption": "한림관 쪽 가장자리 난간 벽: 윗면 = 경사면 + 1.0 m, 두께 0.3 m, 선 자리 t = −2.5 는 S-MAP 이 꺼지기 시작하는 곳(±1.5 m). 모두 추정. 본관 쪽 보도는 이 벽 안쪽(t −2.2~−0.6)으로 은주관 옆까지 이어진다(범위는 사용자 확정, 폭·자리는 추정)",
    "source": "사용자 사진 30, 그림 11, 사용자 답 2026-10-11, S-MAP 3D 뷰어 메시 0.5 m 판독(g02/smap-mesh-g02-way-05m-a~d.txt, 2026-10-11)"
   },
   "geometry": {
    "type": "Polygon",
    "coordinates": [
     [
      [
       201114.06,
       557312.77
      ],
      [
       201115.86,
       557311.89
      ],
      [
       201115.99,
       557312.15
      ],
      [
       201114.19,
       557313.04
      ],
      [
       201114.06,
       557312.77
      ]
     ]
    ]
   }
  },
  {
   "type": "Feature",
   "properties": {
    "id": "G02-HWALL-081",
    "type": "wall",
    "kind": "extrude",
    "estimated": true,
    "grade": "추정",
    "basePlane": "WAY",
    "fromM": 143.47,
    "toM": 144.64,
    "assumption": "한림관 쪽 가장자리 난간 벽: 윗면 = 경사면 + 1.0 m, 두께 0.3 m, 선 자리 t = −2.5 는 S-MAP 이 꺼지기 시작하는 곳(±1.5 m). 모두 추정. 본관 쪽 보도는 이 벽 안쪽(t −2.2~−0.6)으로 은주관 옆까지 이어진다(범위는 사용자 확정, 폭·자리는 추정)",
    "source": "사용자 사진 30, 그림 11, 사용자 답 2026-10-11, S-MAP 3D 뷰어 메시 0.5 m 판독(g02/smap-mesh-g02-way-05m-a~d.txt, 2026-10-11)"
   },
   "geometry": {
    "type": "Polygon",
    "coordinates": [
     [
      [
       201115.86,
       557311.89
      ],
      [
       201117.65,
       557311.0
      ],
      [
       201117.78,
       557311.27
      ],
      [
       201115.99,
       557312.15
      ],
      [
       201115.86,
       557311.89
      ]
     ]
    ]
   }
  },
  {
   "type": "Feature",
   "properties": {
    "id": "G02-HWALL-083",
    "type": "wall",
    "kind": "extrude",
    "estimated": true,
    "grade": "추정",
    "basePlane": "WAY",
    "fromM": 143.81,
    "toM": 144.99,
    "assumption": "한림관 쪽 가장자리 난간 벽: 윗면 = 경사면 + 1.0 m, 두께 0.3 m, 선 자리 t = −2.5 는 S-MAP 이 꺼지기 시작하는 곳(±1.5 m). 모두 추정. 본관 쪽 보도는 이 벽 안쪽(t −2.2~−0.6)으로 은주관 옆까지 이어진다(범위는 사용자 확정, 폭·자리는 추정)",
    "source": "사용자 사진 30, 그림 11, 사용자 답 2026-10-11, S-MAP 3D 뷰어 메시 0.5 m 판독(g02/smap-mesh-g02-way-05m-a~d.txt, 2026-10-11)"
   },
   "geometry": {
    "type": "Polygon",
    "coordinates": [
     [
      [
       201117.65,
       557311.0
      ],
      [
       201119.45,
       557310.12
      ],
      [
       201119.58,
       557310.39
      ],
      [
       201117.78,
       557311.27
      ],
      [
       201117.65,
       557311.0
      ]
     ]
    ]
   }
  },
  {
   "type": "Feature",
   "properties": {
    "id": "G02-HWALL-085",
    "type": "wall",
    "kind": "extrude",
    "estimated": true,
    "grade": "추정",
    "basePlane": "WAY",
    "fromM": 144.16,
    "toM": 145.33,
    "assumption": "한림관 쪽 가장자리 난간 벽: 윗면 = 경사면 + 1.0 m, 두께 0.3 m, 선 자리 t = −2.5 는 S-MAP 이 꺼지기 시작하는 곳(±1.5 m). 모두 추정. 본관 쪽 보도는 이 벽 안쪽(t −2.2~−0.6)으로 은주관 옆까지 이어진다(범위는 사용자 확정, 폭·자리는 추정)",
    "source": "사용자 사진 30, 그림 11, 사용자 답 2026-10-11, S-MAP 3D 뷰어 메시 0.5 m 판독(g02/smap-mesh-g02-way-05m-a~d.txt, 2026-10-11)"
   },
   "geometry": {
    "type": "Polygon",
    "coordinates": [
     [
      [
       201119.45,
       557310.12
      ],
      [
       201121.24,
       557309.24
      ],
      [
       201121.37,
       557309.51
      ],
      [
       201119.58,
       557310.39
      ],
      [
       201119.45,
       557310.12
      ]
     ]
    ]
   }
  },
  {
   "type": "Feature",
   "properties": {
    "id": "G02-HWALL-087",
    "type": "wall",
    "kind": "extrude",
    "estimated": true,
    "grade": "추정",
    "basePlane": "WAY",
    "fromM": 144.5,
    "toM": 145.67,
    "assumption": "한림관 쪽 가장자리 난간 벽: 윗면 = 경사면 + 1.0 m, 두께 0.3 m, 선 자리 t = −2.5 는 S-MAP 이 꺼지기 시작하는 곳(±1.5 m). 모두 추정. 본관 쪽 보도는 이 벽 안쪽(t −2.2~−0.6)으로 은주관 옆까지 이어진다(범위는 사용자 확정, 폭·자리는 추정)",
    "source": "사용자 사진 30, 그림 11, 사용자 답 2026-10-11, S-MAP 3D 뷰어 메시 0.5 m 판독(g02/smap-mesh-g02-way-05m-a~d.txt, 2026-10-11)"
   },
   "geometry": {
    "type": "Polygon",
    "coordinates": [
     [
      [
       201121.24,
       557309.24
      ],
      [
       201123.03,
       557308.36
      ],
      [
       201123.17,
       557308.62
      ],
      [
       201121.37,
       557309.51
      ],
      [
       201121.24,
       557309.24
      ]
     ]
    ]
   }
  },
  {
   "type": "Feature",
   "properties": {
    "id": "G02-HWALL-089",
    "type": "wall",
    "kind": "extrude",
    "estimated": true,
    "grade": "추정",
    "basePlane": "WAY",
    "fromM": 144.84,
    "toM": 146.02,
    "assumption": "한림관 쪽 가장자리 난간 벽: 윗면 = 경사면 + 1.0 m, 두께 0.3 m, 선 자리 t = −2.5 는 S-MAP 이 꺼지기 시작하는 곳(±1.5 m). 모두 추정. 본관 쪽 보도는 이 벽 안쪽(t −2.2~−0.6)으로 은주관 옆까지 이어진다(범위는 사용자 확정, 폭·자리는 추정)",
    "source": "사용자 사진 30, 그림 11, 사용자 답 2026-10-11, S-MAP 3D 뷰어 메시 0.5 m 판독(g02/smap-mesh-g02-way-05m-a~d.txt, 2026-10-11)"
   },
   "geometry": {
    "type": "Polygon",
    "coordinates": [
     [
      [
       201123.03,
       557308.36
      ],
      [
       201124.83,
       557307.47
      ],
      [
       201124.96,
       557307.74
      ],
      [
       201123.17,
       557308.62
      ],
      [
       201123.03,
       557308.36
      ]
     ]
    ]
   }
  },
  {
   "type": "Feature",
   "properties": {
    "id": "G02-HWALL-091",
    "type": "wall",
    "kind": "extrude",
    "estimated": true,
    "grade": "추정",
    "basePlane": "WAY",
    "fromM": 145.19,
    "toM": 146.36,
    "assumption": "한림관 쪽 가장자리 난간 벽: 윗면 = 경사면 + 1.0 m, 두께 0.3 m, 선 자리 t = −2.5 는 S-MAP 이 꺼지기 시작하는 곳(±1.5 m). 모두 추정. 본관 쪽 보도는 이 벽 안쪽(t −2.2~−0.6)으로 은주관 옆까지 이어진다(범위는 사용자 확정, 폭·자리는 추정)",
    "source": "사용자 사진 30, 그림 11, 사용자 답 2026-10-11, S-MAP 3D 뷰어 메시 0.5 m 판독(g02/smap-mesh-g02-way-05m-a~d.txt, 2026-10-11)"
   },
   "geometry": {
    "type": "Polygon",
    "coordinates": [
     [
      [
       201124.83,
       557307.47
      ],
      [
       201126.62,
       557306.59
      ],
      [
       201126.76,
       557306.86
      ],
      [
       201124.96,
       557307.74
      ],
      [
       201124.83,
       557307.47
      ]
     ]
    ]
   }
  },
  {
   "type": "Feature",
   "properties": {
    "id": "G02-HWALL-093",
    "type": "wall",
    "kind": "extrude",
    "estimated": true,
    "grade": "추정",
    "basePlane": "WAY",
    "fromM": 145.53,
    "toM": 146.7,
    "assumption": "한림관 쪽 가장자리 난간 벽: 윗면 = 경사면 + 1.0 m, 두께 0.3 m, 선 자리 t = −2.5 는 S-MAP 이 꺼지기 시작하는 곳(±1.5 m). 모두 추정. 본관 쪽 보도는 이 벽 안쪽(t −2.2~−0.6)으로 은주관 옆까지 이어진다(범위는 사용자 확정, 폭·자리는 추정)",
    "source": "사용자 사진 30, 그림 11, 사용자 답 2026-10-11, S-MAP 3D 뷰어 메시 0.5 m 판독(g02/smap-mesh-g02-way-05m-a~d.txt, 2026-10-11)"
   },
   "geometry": {
    "type": "Polygon",
    "coordinates": [
     [
      [
       201126.62,
       557306.59
      ],
      [
       201128.42,
       557305.71
      ],
      [
       201128.55,
       557305.98
      ],
      [
       201126.76,
       557306.86
      ],
      [
       201126.62,
       557306.59
      ]
     ]
    ]
   }
  },
  {
   "type": "Feature",
   "properties": {
    "id": "G02-HWALL-095",
    "type": "wall",
    "kind": "extrude",
    "estimated": true,
    "grade": "추정",
    "basePlane": "WAY",
    "fromM": 145.88,
    "toM": 147.05,
    "assumption": "한림관 쪽 가장자리 난간 벽: 윗면 = 경사면 + 1.0 m, 두께 0.3 m, 선 자리 t = −2.5 는 S-MAP 이 꺼지기 시작하는 곳(±1.5 m). 모두 추정. 본관 쪽 보도는 이 벽 안쪽(t −2.2~−0.6)으로 은주관 옆까지 이어진다(범위는 사용자 확정, 폭·자리는 추정)",
    "source": "사용자 사진 30, 그림 11, 사용자 답 2026-10-11, S-MAP 3D 뷰어 메시 0.5 m 판독(g02/smap-mesh-g02-way-05m-a~d.txt, 2026-10-11)"
   },
   "geometry": {
    "type": "Polygon",
    "coordinates": [
     [
      [
       201128.42,
       557305.71
      ],
      [
       201130.21,
       557304.83
      ],
      [
       201130.35,
       557305.09
      ],
      [
       201128.55,
       557305.98
      ],
      [
       201128.42,
       557305.71
      ]
     ]
    ]
   }
  },
  {
   "type": "Feature",
   "properties": {
    "id": "G02-HWALL-097",
    "type": "wall",
    "kind": "extrude",
    "estimated": true,
    "grade": "추정",
    "basePlane": "WAY",
    "fromM": 146.22,
    "toM": 147.39,
    "assumption": "한림관 쪽 가장자리 난간 벽: 윗면 = 경사면 + 1.0 m, 두께 0.3 m, 선 자리 t = −2.5 는 S-MAP 이 꺼지기 시작하는 곳(±1.5 m). 모두 추정. 본관 쪽 보도는 이 벽 안쪽(t −2.2~−0.6)으로 은주관 옆까지 이어진다(범위는 사용자 확정, 폭·자리는 추정)",
    "source": "사용자 사진 30, 그림 11, 사용자 답 2026-10-11, S-MAP 3D 뷰어 메시 0.5 m 판독(g02/smap-mesh-g02-way-05m-a~d.txt, 2026-10-11)"
   },
   "geometry": {
    "type": "Polygon",
    "coordinates": [
     [
      [
       201130.21,
       557304.83
      ],
      [
       201132.01,
       557303.94
      ],
      [
       201132.14,
       557304.21
      ],
      [
       201130.35,
       557305.09
      ],
      [
       201130.21,
       557304.83
      ]
     ]
    ]
   }
  },
  {
   "type": "Feature",
   "properties": {
    "id": "G02-HWALL-099",
    "type": "wall",
    "kind": "extrude",
    "estimated": true,
    "grade": "추정",
    "basePlane": "WAY",
    "fromM": 146.56,
    "toM": 147.71,
    "assumption": "한림관 쪽 가장자리 난간 벽: 윗면 = 경사면 + 1.0 m, 두께 0.3 m, 선 자리 t = −2.5 는 S-MAP 이 꺼지기 시작하는 곳(±1.5 m). 모두 추정. 본관 쪽 보도는 이 벽 안쪽(t −2.2~−0.6)으로 은주관 옆까지 이어진다(범위는 사용자 확정, 폭·자리는 추정)",
    "source": "사용자 사진 30, 그림 11, 사용자 답 2026-10-11, S-MAP 3D 뷰어 메시 0.5 m 판독(g02/smap-mesh-g02-way-05m-a~d.txt, 2026-10-11)"
   },
   "geometry": {
    "type": "Polygon",
    "coordinates": [
     [
      [
       201132.01,
       557303.94
      ],
      [
       201133.53,
       557303.19
      ],
      [
       201133.67,
       557303.46
      ],
      [
       201132.14,
       557304.21
      ],
      [
       201132.01,
       557303.94
      ]
     ]
    ]
   }
  },
  {
   "type": "Feature",
   "properties": {
    "id": "G02-DECK-MAIN-HANLIM",
    "type": "deck",
    "kind": "extrude",
    "estimated": true,
    "grade": "확정(위치), 추정(크기·높이)",
    "basePlane": "없음(지하 차도 쪽 아래 공간 위에 뜬 판)",
    "fromM": 137.6,
    "toM": 137.9,
    "assumption": "본관 5층–한림관 3층 나무 데크: 윗면 137.9 m(한림관 3층 137.8, B07), 두께 0.3 m, 길이 4.8 m(본관 동벽~한림관 원통), 폭 3 m. 크기는 추정. 위 길에서는 갈 수 없고 지하 차도 보행 띠에서만 간다(사용자 확정)",
    "source": "사용자 확정(그림 01-카카오위성-본관한림관-나무데크-위치, 학교 표지), B07"
   },
   "geometry": {
    "type": "Polygon",
    "coordinates": [
     [
      [
       201097.15,
       557304.88
      ],
      [
       201101.35,
       557302.57
      ],
      [
       201099.91,
       557299.94
      ],
      [
       201095.7,
       557302.25
      ],
      [
       201097.15,
       557304.88
      ]
     ]
    ]
   }
  },
  {
   "type": "Feature",
   "properties": {
    "id": "G02-BUKAK-STAIR-S01",
    "type": "stair_step",
    "kind": "extrude",
    "estimated": true,
    "grade": "추정",
    "basePlane": "plaza 130.6",
    "fromM": 130.6,
    "toM": 130.79,
    "assumption": "북악관 정문 바깥 계단: 12단(확정), 폭 9 m·디딤 0.4 m(거리뷰 눈대중). 맨 위 132.9 m(S-MAP). 광장을 130.6 m 평면으로 둔 탓에 한 단이 0.19 m 로 계산됨(실제 발치는 S-MAP 131.4 m 라 한 단 약 0.125 m)",
    "source": "거리뷰 10(북악관 정문 계단 2025-02), 사용자 확정(바깥 12단 + 안쪽 5단), S-MAP 3D 뷰어 메시 0.5 m 판독(g02/smap-mesh-g02-way-05m-a~d.txt, 2026-10-11), 시험용 DB 길 8f8c716f",
    "stair": "G02-BUKAK-MAIN-STAIR",
    "riseM": 0.19,
    "runM": 0.4,
    "widthM": 9.0
   },
   "geometry": {
    "type": "Polygon",
    "coordinates": [
     [
      [
       201035.33,
       557362.51
      ],
      [
       201043.41,
       557358.54
      ],
      [
       201043.58,
       557358.9
      ],
      [
       201035.51,
       557362.87
      ],
      [
       201035.33,
       557362.51
      ]
     ]
    ]
   }
  },
  {
   "type": "Feature",
   "properties": {
    "id": "G02-BUKAK-STAIR-S02",
    "type": "stair_step",
    "kind": "extrude",
    "estimated": true,
    "grade": "추정",
    "basePlane": "plaza 130.6",
    "fromM": 130.6,
    "toM": 130.98,
    "assumption": "북악관 정문 바깥 계단: 12단(확정), 폭 9 m·디딤 0.4 m(거리뷰 눈대중). 맨 위 132.9 m(S-MAP). 광장을 130.6 m 평면으로 둔 탓에 한 단이 0.19 m 로 계산됨(실제 발치는 S-MAP 131.4 m 라 한 단 약 0.125 m)",
    "source": "거리뷰 10(북악관 정문 계단 2025-02), 사용자 확정(바깥 12단 + 안쪽 5단), S-MAP 3D 뷰어 메시 0.5 m 판독(g02/smap-mesh-g02-way-05m-a~d.txt, 2026-10-11), 시험용 DB 길 8f8c716f",
    "stair": "G02-BUKAK-MAIN-STAIR",
    "riseM": 0.19,
    "runM": 0.4,
    "widthM": 9.0
   },
   "geometry": {
    "type": "Polygon",
    "coordinates": [
     [
      [
       201035.51,
       557362.87
      ],
      [
       201043.58,
       557358.9
      ],
      [
       201043.76,
       557359.26
      ],
      [
       201035.68,
       557363.23
      ],
      [
       201035.51,
       557362.87
      ]
     ]
    ]
   }
  },
  {
   "type": "Feature",
   "properties": {
    "id": "G02-BUKAK-STAIR-S03",
    "type": "stair_step",
    "kind": "extrude",
    "estimated": true,
    "grade": "추정",
    "basePlane": "plaza 130.6",
    "fromM": 130.6,
    "toM": 131.18,
    "assumption": "북악관 정문 바깥 계단: 12단(확정), 폭 9 m·디딤 0.4 m(거리뷰 눈대중). 맨 위 132.9 m(S-MAP). 광장을 130.6 m 평면으로 둔 탓에 한 단이 0.19 m 로 계산됨(실제 발치는 S-MAP 131.4 m 라 한 단 약 0.125 m)",
    "source": "거리뷰 10(북악관 정문 계단 2025-02), 사용자 확정(바깥 12단 + 안쪽 5단), S-MAP 3D 뷰어 메시 0.5 m 판독(g02/smap-mesh-g02-way-05m-a~d.txt, 2026-10-11), 시험용 DB 길 8f8c716f",
    "stair": "G02-BUKAK-MAIN-STAIR",
    "riseM": 0.19,
    "runM": 0.4,
    "widthM": 9.0
   },
   "geometry": {
    "type": "Polygon",
    "coordinates": [
     [
      [
       201035.68,
       557363.23
      ],
      [
       201043.76,
       557359.26
      ],
      [
       201043.94,
       557359.61
      ],
      [
       201035.86,
       557363.59
      ],
      [
       201035.68,
       557363.23
      ]
     ]
    ]
   }
  },
  {
   "type": "Feature",
   "properties": {
    "id": "G02-BUKAK-STAIR-S04",
    "type": "stair_step",
    "kind": "extrude",
    "estimated": true,
    "grade": "추정",
    "basePlane": "plaza 130.6",
    "fromM": 130.6,
    "toM": 131.37,
    "assumption": "북악관 정문 바깥 계단: 12단(확정), 폭 9 m·디딤 0.4 m(거리뷰 눈대중). 맨 위 132.9 m(S-MAP). 광장을 130.6 m 평면으로 둔 탓에 한 단이 0.19 m 로 계산됨(실제 발치는 S-MAP 131.4 m 라 한 단 약 0.125 m)",
    "source": "거리뷰 10(북악관 정문 계단 2025-02), 사용자 확정(바깥 12단 + 안쪽 5단), S-MAP 3D 뷰어 메시 0.5 m 판독(g02/smap-mesh-g02-way-05m-a~d.txt, 2026-10-11), 시험용 DB 길 8f8c716f",
    "stair": "G02-BUKAK-MAIN-STAIR",
    "riseM": 0.19,
    "runM": 0.4,
    "widthM": 9.0
   },
   "geometry": {
    "type": "Polygon",
    "coordinates": [
     [
      [
       201035.86,
       557363.59
      ],
      [
       201043.94,
       557359.61
      ],
      [
       201044.11,
       557359.97
      ],
      [
       201036.04,
       557363.94
      ],
      [
       201035.86,
       557363.59
      ]
     ]
    ]
   }
  },
  {
   "type": "Feature",
   "properties": {
    "id": "G02-BUKAK-STAIR-S05",
    "type": "stair_step",
    "kind": "extrude",
    "estimated": true,
    "grade": "추정",
    "basePlane": "plaza 130.6",
    "fromM": 130.6,
    "toM": 131.56,
    "assumption": "북악관 정문 바깥 계단: 12단(확정), 폭 9 m·디딤 0.4 m(거리뷰 눈대중). 맨 위 132.9 m(S-MAP). 광장을 130.6 m 평면으로 둔 탓에 한 단이 0.19 m 로 계산됨(실제 발치는 S-MAP 131.4 m 라 한 단 약 0.125 m)",
    "source": "거리뷰 10(북악관 정문 계단 2025-02), 사용자 확정(바깥 12단 + 안쪽 5단), S-MAP 3D 뷰어 메시 0.5 m 판독(g02/smap-mesh-g02-way-05m-a~d.txt, 2026-10-11), 시험용 DB 길 8f8c716f",
    "stair": "G02-BUKAK-MAIN-STAIR",
    "riseM": 0.19,
    "runM": 0.4,
    "widthM": 9.0
   },
   "geometry": {
    "type": "Polygon",
    "coordinates": [
     [
      [
       201036.04,
       557363.94
      ],
      [
       201044.11,
       557359.97
      ],
      [
       201044.29,
       557360.33
      ],
      [
       201036.21,
       557364.3
      ],
      [
       201036.04,
       557363.94
      ]
     ]
    ]
   }
  },
  {
   "type": "Feature",
   "properties": {
    "id": "G02-BUKAK-STAIR-S06",
    "type": "stair_step",
    "kind": "extrude",
    "estimated": true,
    "grade": "추정",
    "basePlane": "plaza 130.6",
    "fromM": 130.6,
    "toM": 131.75,
    "assumption": "북악관 정문 바깥 계단: 12단(확정), 폭 9 m·디딤 0.4 m(거리뷰 눈대중). 맨 위 132.9 m(S-MAP). 광장을 130.6 m 평면으로 둔 탓에 한 단이 0.19 m 로 계산됨(실제 발치는 S-MAP 131.4 m 라 한 단 약 0.125 m)",
    "source": "거리뷰 10(북악관 정문 계단 2025-02), 사용자 확정(바깥 12단 + 안쪽 5단), S-MAP 3D 뷰어 메시 0.5 m 판독(g02/smap-mesh-g02-way-05m-a~d.txt, 2026-10-11), 시험용 DB 길 8f8c716f",
    "stair": "G02-BUKAK-MAIN-STAIR",
    "riseM": 0.19,
    "runM": 0.4,
    "widthM": 9.0
   },
   "geometry": {
    "type": "Polygon",
    "coordinates": [
     [
      [
       201036.21,
       557364.3
      ],
      [
       201044.29,
       557360.33
      ],
      [
       201044.47,
       557360.69
      ],
      [
       201036.39,
       557364.66
      ],
      [
       201036.21,
       557364.3
      ]
     ]
    ]
   }
  },
  {
   "type": "Feature",
   "properties": {
    "id": "G02-BUKAK-STAIR-S07",
    "type": "stair_step",
    "kind": "extrude",
    "estimated": true,
    "grade": "추정",
    "basePlane": "plaza 130.6",
    "fromM": 130.6,
    "toM": 131.94,
    "assumption": "북악관 정문 바깥 계단: 12단(확정), 폭 9 m·디딤 0.4 m(거리뷰 눈대중). 맨 위 132.9 m(S-MAP). 광장을 130.6 m 평면으로 둔 탓에 한 단이 0.19 m 로 계산됨(실제 발치는 S-MAP 131.4 m 라 한 단 약 0.125 m)",
    "source": "거리뷰 10(북악관 정문 계단 2025-02), 사용자 확정(바깥 12단 + 안쪽 5단), S-MAP 3D 뷰어 메시 0.5 m 판독(g02/smap-mesh-g02-way-05m-a~d.txt, 2026-10-11), 시험용 DB 길 8f8c716f",
    "stair": "G02-BUKAK-MAIN-STAIR",
    "riseM": 0.19,
    "runM": 0.4,
    "widthM": 9.0
   },
   "geometry": {
    "type": "Polygon",
    "coordinates": [
     [
      [
       201036.39,
       557364.66
      ],
      [
       201044.47,
       557360.69
      ],
      [
       201044.64,
       557361.05
      ],
      [
       201036.57,
       557365.02
      ],
      [
       201036.39,
       557364.66
      ]
     ]
    ]
   }
  },
  {
   "type": "Feature",
   "properties": {
    "id": "G02-BUKAK-STAIR-S08",
    "type": "stair_step",
    "kind": "extrude",
    "estimated": true,
    "grade": "추정",
    "basePlane": "plaza 130.6",
    "fromM": 130.6,
    "toM": 132.13,
    "assumption": "북악관 정문 바깥 계단: 12단(확정), 폭 9 m·디딤 0.4 m(거리뷰 눈대중). 맨 위 132.9 m(S-MAP). 광장을 130.6 m 평면으로 둔 탓에 한 단이 0.19 m 로 계산됨(실제 발치는 S-MAP 131.4 m 라 한 단 약 0.125 m)",
    "source": "거리뷰 10(북악관 정문 계단 2025-02), 사용자 확정(바깥 12단 + 안쪽 5단), S-MAP 3D 뷰어 메시 0.5 m 판독(g02/smap-mesh-g02-way-05m-a~d.txt, 2026-10-11), 시험용 DB 길 8f8c716f",
    "stair": "G02-BUKAK-MAIN-STAIR",
    "riseM": 0.19,
    "runM": 0.4,
    "widthM": 9.0
   },
   "geometry": {
    "type": "Polygon",
    "coordinates": [
     [
      [
       201036.57,
       557365.02
      ],
      [
       201044.64,
       557361.05
      ],
      [
       201044.82,
       557361.41
      ],
      [
       201036.74,
       557365.38
      ],
      [
       201036.57,
       557365.02
      ]
     ]
    ]
   }
  },
  {
   "type": "Feature",
   "properties": {
    "id": "G02-BUKAK-STAIR-S09",
    "type": "stair_step",
    "kind": "extrude",
    "estimated": true,
    "grade": "추정",
    "basePlane": "plaza 130.6",
    "fromM": 130.6,
    "toM": 132.32,
    "assumption": "북악관 정문 바깥 계단: 12단(확정), 폭 9 m·디딤 0.4 m(거리뷰 눈대중). 맨 위 132.9 m(S-MAP). 광장을 130.6 m 평면으로 둔 탓에 한 단이 0.19 m 로 계산됨(실제 발치는 S-MAP 131.4 m 라 한 단 약 0.125 m)",
    "source": "거리뷰 10(북악관 정문 계단 2025-02), 사용자 확정(바깥 12단 + 안쪽 5단), S-MAP 3D 뷰어 메시 0.5 m 판독(g02/smap-mesh-g02-way-05m-a~d.txt, 2026-10-11), 시험용 DB 길 8f8c716f",
    "stair": "G02-BUKAK-MAIN-STAIR",
    "riseM": 0.19,
    "runM": 0.4,
    "widthM": 9.0
   },
   "geometry": {
    "type": "Polygon",
    "coordinates": [
     [
      [
       201036.74,
       557365.38
      ],
      [
       201044.82,
       557361.41
      ],
      [
       201044.99,
       557361.77
      ],
      [
       201036.92,
       557365.74
      ],
      [
       201036.74,
       557365.38
      ]
     ]
    ]
   }
  },
  {
   "type": "Feature",
   "properties": {
    "id": "G02-BUKAK-STAIR-S10",
    "type": "stair_step",
    "kind": "extrude",
    "estimated": true,
    "grade": "추정",
    "basePlane": "plaza 130.6",
    "fromM": 130.6,
    "toM": 132.52,
    "assumption": "북악관 정문 바깥 계단: 12단(확정), 폭 9 m·디딤 0.4 m(거리뷰 눈대중). 맨 위 132.9 m(S-MAP). 광장을 130.6 m 평면으로 둔 탓에 한 단이 0.19 m 로 계산됨(실제 발치는 S-MAP 131.4 m 라 한 단 약 0.125 m)",
    "source": "거리뷰 10(북악관 정문 계단 2025-02), 사용자 확정(바깥 12단 + 안쪽 5단), S-MAP 3D 뷰어 메시 0.5 m 판독(g02/smap-mesh-g02-way-05m-a~d.txt, 2026-10-11), 시험용 DB 길 8f8c716f",
    "stair": "G02-BUKAK-MAIN-STAIR",
    "riseM": 0.19,
    "runM": 0.4,
    "widthM": 9.0
   },
   "geometry": {
    "type": "Polygon",
    "coordinates": [
     [
      [
       201036.92,
       557365.74
      ],
      [
       201044.99,
       557361.77
      ],
      [
       201045.17,
       557362.13
      ],
      [
       201037.09,
       557366.1
      ],
      [
       201036.92,
       557365.74
      ]
     ]
    ]
   }
  },
  {
   "type": "Feature",
   "properties": {
    "id": "G02-BUKAK-STAIR-S11",
    "type": "stair_step",
    "kind": "extrude",
    "estimated": true,
    "grade": "추정",
    "basePlane": "plaza 130.6",
    "fromM": 130.6,
    "toM": 132.71,
    "assumption": "북악관 정문 바깥 계단: 12단(확정), 폭 9 m·디딤 0.4 m(거리뷰 눈대중). 맨 위 132.9 m(S-MAP). 광장을 130.6 m 평면으로 둔 탓에 한 단이 0.19 m 로 계산됨(실제 발치는 S-MAP 131.4 m 라 한 단 약 0.125 m)",
    "source": "거리뷰 10(북악관 정문 계단 2025-02), 사용자 확정(바깥 12단 + 안쪽 5단), S-MAP 3D 뷰어 메시 0.5 m 판독(g02/smap-mesh-g02-way-05m-a~d.txt, 2026-10-11), 시험용 DB 길 8f8c716f",
    "stair": "G02-BUKAK-MAIN-STAIR",
    "riseM": 0.19,
    "runM": 0.4,
    "widthM": 9.0
   },
   "geometry": {
    "type": "Polygon",
    "coordinates": [
     [
      [
       201037.09,
       557366.1
      ],
      [
       201045.17,
       557362.13
      ],
      [
       201045.35,
       557362.49
      ],
      [
       201037.27,
       557366.46
      ],
      [
       201037.09,
       557366.1
      ]
     ]
    ]
   }
  },
  {
   "type": "Feature",
   "properties": {
    "id": "G02-BUKAK-STAIR-S12",
    "type": "stair_step",
    "kind": "extrude",
    "estimated": true,
    "grade": "추정",
    "basePlane": "plaza 130.6",
    "fromM": 130.6,
    "toM": 132.9,
    "assumption": "북악관 정문 바깥 계단: 12단(확정), 폭 9 m·디딤 0.4 m(거리뷰 눈대중). 맨 위 132.9 m(S-MAP). 광장을 130.6 m 평면으로 둔 탓에 한 단이 0.19 m 로 계산됨(실제 발치는 S-MAP 131.4 m 라 한 단 약 0.125 m)",
    "source": "거리뷰 10(북악관 정문 계단 2025-02), 사용자 확정(바깥 12단 + 안쪽 5단), S-MAP 3D 뷰어 메시 0.5 m 판독(g02/smap-mesh-g02-way-05m-a~d.txt, 2026-10-11), 시험용 DB 길 8f8c716f",
    "stair": "G02-BUKAK-MAIN-STAIR",
    "riseM": 0.19,
    "runM": 0.4,
    "widthM": 9.0
   },
   "geometry": {
    "type": "Polygon",
    "coordinates": [
     [
      [
       201037.27,
       557366.46
      ],
      [
       201045.35,
       557362.49
      ],
      [
       201045.52,
       557362.85
      ],
      [
       201037.45,
       557366.82
      ],
      [
       201037.27,
       557366.46
      ]
     ]
    ]
   }
  },
  {
   "type": "Feature",
   "properties": {
    "id": "G02-BUKAK-PORCH-FLOOR",
    "type": "landing",
    "kind": "extrude",
    "estimated": true,
    "grade": "추정",
    "basePlane": "plaza 130.6",
    "fromM": 130.6,
    "toM": 132.9,
    "assumption": "북악관 현관 바닥(돌출부): 132.9 m, 앞뒤 4.8 m·폭 11 m(추정)",
    "source": "거리뷰 10(북악관 정문 계단 2025-02), 사용자 확정(바깥 12단 + 안쪽 5단), S-MAP 3D 뷰어 메시 0.5 m 판독(g02/smap-mesh-g02-way-05m-a~d.txt, 2026-10-11), 시험용 DB 길 8f8c716f"
   },
   "geometry": {
    "type": "Polygon",
    "coordinates": [
     [
      [
       201036.55,
       557367.26
      ],
      [
       201046.42,
       557362.4
      ],
      [
       201048.54,
       557366.71
      ],
      [
       201038.67,
       557371.57
      ],
      [
       201036.55,
       557367.26
      ]
     ]
    ]
   }
  },
  {
   "type": "Feature",
   "properties": {
    "id": "G02-BUKAK-PORCH-PIER1",
    "type": "wall",
    "kind": "extrude",
    "estimated": true,
    "grade": "추정",
    "basePlane": "G02-BUKAK-PORCH-FLOOR",
    "fromM": 132.9,
    "toM": 137.6,
    "assumption": "현관 아치 기둥(아치 둘 = 기둥 셋), 1 m 각, 높이 4.7 m(추정)",
    "source": "거리뷰 10(북악관 정문 계단 2025-02), 사용자 확정(바깥 12단 + 안쪽 5단), S-MAP 3D 뷰어 메시 0.5 m 판독(g02/smap-mesh-g02-way-05m-a~d.txt, 2026-10-11), 시험용 DB 길 8f8c716f"
   },
   "geometry": {
    "type": "Polygon",
    "coordinates": [
     [
      [
       201036.59,
       557367.35
      ],
      [
       201037.49,
       557366.91
      ],
      [
       201037.93,
       557367.8
      ],
      [
       201037.04,
       557368.24
      ],
      [
       201036.59,
       557367.35
      ]
     ]
    ]
   }
  },
  {
   "type": "Feature",
   "properties": {
    "id": "G02-BUKAK-PORCH-PIER2",
    "type": "wall",
    "kind": "extrude",
    "estimated": true,
    "grade": "추정",
    "basePlane": "G02-BUKAK-PORCH-FLOOR",
    "fromM": 132.9,
    "toM": 137.6,
    "assumption": "현관 아치 기둥(아치 둘 = 기둥 셋), 1 m 각, 높이 4.7 m(추정)",
    "source": "거리뷰 10(북악관 정문 계단 2025-02), 사용자 확정(바깥 12단 + 안쪽 5단), S-MAP 3D 뷰어 메시 0.5 m 판독(g02/smap-mesh-g02-way-05m-a~d.txt, 2026-10-11), 시험용 DB 길 8f8c716f"
   },
   "geometry": {
    "type": "Polygon",
    "coordinates": [
     [
      [
       201041.08,
       557365.14
      ],
      [
       201041.98,
       557364.7
      ],
      [
       201042.42,
       557365.6
      ],
      [
       201041.52,
       557366.04
      ],
      [
       201041.08,
       557365.14
      ]
     ]
    ]
   }
  },
  {
   "type": "Feature",
   "properties": {
    "id": "G02-BUKAK-PORCH-PIER3",
    "type": "wall",
    "kind": "extrude",
    "estimated": true,
    "grade": "추정",
    "basePlane": "G02-BUKAK-PORCH-FLOOR",
    "fromM": 132.9,
    "toM": 137.6,
    "assumption": "현관 아치 기둥(아치 둘 = 기둥 셋), 1 m 각, 높이 4.7 m(추정)",
    "source": "거리뷰 10(북악관 정문 계단 2025-02), 사용자 확정(바깥 12단 + 안쪽 5단), S-MAP 3D 뷰어 메시 0.5 m 판독(g02/smap-mesh-g02-way-05m-a~d.txt, 2026-10-11), 시험용 DB 길 8f8c716f"
   },
   "geometry": {
    "type": "Polygon",
    "coordinates": [
     [
      [
       201045.57,
       557362.94
      ],
      [
       201046.47,
       557362.49
      ],
      [
       201046.91,
       557363.39
      ],
      [
       201046.01,
       557363.83
      ],
      [
       201045.57,
       557362.94
      ]
     ]
    ]
   }
  },
  {
   "type": "Feature",
   "properties": {
    "id": "G02-BUKAK-PORCH-CANOPY",
    "type": "canopy",
    "kind": "extrude",
    "estimated": true,
    "grade": "추정",
    "basePlane": "G02-BUKAK-PORCH-FLOOR",
    "fromM": 137.6,
    "toM": 139.6,
    "assumption": "현관 기와 차양: 기둥 위 2 m 덩어리(지붕 기울기는 표현 안 함), 추정",
    "source": "거리뷰 10(북악관 정문 계단 2025-02), 사용자 확정(바깥 12단 + 안쪽 5단), S-MAP 3D 뷰어 메시 0.5 m 판독(g02/smap-mesh-g02-way-05m-a~d.txt, 2026-10-11), 시험용 DB 길 8f8c716f"
   },
   "geometry": {
    "type": "Polygon",
    "coordinates": [
     [
      [
       201035.26,
       557366.89
      ],
      [
       201046.92,
       557361.16
      ],
      [
       201049.44,
       557366.27
      ],
      [
       201037.77,
       557372.01
      ],
      [
       201035.26,
       557366.89
      ]
     ]
    ]
   }
  },
  {
   "type": "Feature",
   "properties": {
    "id": "G02-BUKAK-STAIR-CHEEK-W1",
    "type": "wall",
    "kind": "extrude",
    "estimated": true,
    "grade": "추정",
    "basePlane": "plaza 130.6",
    "fromM": 130.6,
    "toM": 132.3,
    "assumption": "계단 옆 벽(아래 반), 추정",
    "source": "거리뷰 10(북악관 정문 계단 2025-02), 사용자 확정(바깥 12단 + 안쪽 5단), S-MAP 3D 뷰어 메시 0.5 m 판독(g02/smap-mesh-g02-way-05m-a~d.txt, 2026-10-11), 시험용 DB 길 8f8c716f"
   },
   "geometry": {
    "type": "Polygon",
    "coordinates": [
     [
      [
       201034.79,
       557362.77
      ],
      [
       201035.33,
       557362.51
      ],
      [
       201036.39,
       557364.66
      ],
      [
       201035.85,
       557364.93
      ],
      [
       201034.79,
       557362.77
      ]
     ]
    ]
   }
  },
  {
   "type": "Feature",
   "properties": {
    "id": "G02-BUKAK-STAIR-CHEEK-W2",
    "type": "wall",
    "kind": "extrude",
    "estimated": true,
    "grade": "추정",
    "basePlane": "plaza 130.6",
    "fromM": 130.6,
    "toM": 133.4,
    "assumption": "계단 옆 벽(위 반), 추정",
    "source": "거리뷰 10(북악관 정문 계단 2025-02), 사용자 확정(바깥 12단 + 안쪽 5단), S-MAP 3D 뷰어 메시 0.5 m 판독(g02/smap-mesh-g02-way-05m-a~d.txt, 2026-10-11), 시험용 DB 길 8f8c716f"
   },
   "geometry": {
    "type": "Polygon",
    "coordinates": [
     [
      [
       201035.85,
       557364.93
      ],
      [
       201036.39,
       557364.66
      ],
      [
       201037.45,
       557366.82
      ],
      [
       201036.91,
       557367.08
      ],
      [
       201035.85,
       557364.93
      ]
     ]
    ]
   }
  },
  {
   "type": "Feature",
   "properties": {
    "id": "G02-BUKAK-STAIR-CHEEK-E1",
    "type": "wall",
    "kind": "extrude",
    "estimated": true,
    "grade": "추정",
    "basePlane": "plaza 130.6",
    "fromM": 130.6,
    "toM": 132.3,
    "assumption": "계단 옆 벽(아래 반), 추정",
    "source": "거리뷰 10(북악관 정문 계단 2025-02), 사용자 확정(바깥 12단 + 안쪽 5단), S-MAP 3D 뷰어 메시 0.5 m 판독(g02/smap-mesh-g02-way-05m-a~d.txt, 2026-10-11), 시험용 DB 길 8f8c716f"
   },
   "geometry": {
    "type": "Polygon",
    "coordinates": [
     [
      [
       201043.41,
       557358.54
      ],
      [
       201043.94,
       557358.27
      ],
      [
       201045.0,
       557360.43
      ],
      [
       201044.47,
       557360.69
      ],
      [
       201043.41,
       557358.54
      ]
     ]
    ]
   }
  },
  {
   "type": "Feature",
   "properties": {
    "id": "G02-BUKAK-STAIR-CHEEK-E2",
    "type": "wall",
    "kind": "extrude",
    "estimated": true,
    "grade": "추정",
    "basePlane": "plaza 130.6",
    "fromM": 130.6,
    "toM": 133.4,
    "assumption": "계단 옆 벽(위 반), 추정",
    "source": "거리뷰 10(북악관 정문 계단 2025-02), 사용자 확정(바깥 12단 + 안쪽 5단), S-MAP 3D 뷰어 메시 0.5 m 판독(g02/smap-mesh-g02-way-05m-a~d.txt, 2026-10-11), 시험용 DB 길 8f8c716f"
   },
   "geometry": {
    "type": "Polygon",
    "coordinates": [
     [
      [
       201044.47,
       557360.69
      ],
      [
       201045.0,
       557360.43
      ],
      [
       201046.06,
       557362.58
      ],
      [
       201045.52,
       557362.85
      ],
      [
       201044.47,
       557360.69
      ]
     ]
    ]
   }
  },
  {
   "type": "Feature",
   "properties": {
    "id": "G02-BUKAK-PLANTER-E",
    "type": "planter",
    "kind": "extrude",
    "estimated": true,
    "grade": "추정",
    "basePlane": "plaza 130.6",
    "fromM": 130.6,
    "toM": 132.5,
    "assumption": "정문 동쪽 화단(화강석 벽 + 소나무): 윗면 132.5 m = 동쪽 마당 높이(S-MAP 132.2~132.9)",
    "source": "거리뷰 10(북악관 정문 계단 2025-02), 사용자 확정(바깥 12단 + 안쪽 5단), S-MAP 3D 뷰어 메시 0.5 m 판독(g02/smap-mesh-g02-way-05m-a~d.txt, 2026-10-11), 시험용 DB 길 8f8c716f"
   },
   "geometry": {
    "type": "Polygon",
    "coordinates": [
     [
      [
       201044.65,
       557359.71
      ],
      [
       201047.97,
       557358.08
      ],
      [
       201051.5,
       557365.26
      ],
      [
       201048.18,
       557366.89
      ],
      [
       201044.65,
       557359.71
      ]
     ]
    ]
   }
  },
  {
   "type": "Feature",
   "properties": {
    "id": "G02-BARRIER-POST",
    "type": "barrier",
    "kind": "extrude",
    "estimated": true,
    "grade": "추정",
    "basePlane": "WAY",
    "fromM": 131.9,
    "toM": 133.03,
    "assumption": "차단기 기둥(노란 상자), 자리 s 4.5 ±2 m",
    "source": "거리뷰 09, SKU 0:52"
   },
   "geometry": {
    "type": "Polygon",
    "coordinates": [
     [
      [
       201049.09,
       557350.62
      ],
      [
       201049.54,
       557350.39
      ],
      [
       201049.76,
       557350.84
      ],
      [
       201049.31,
       557351.06
      ],
      [
       201049.09,
       557350.62
      ]
     ]
    ]
   }
  },
  {
   "type": "Feature",
   "properties": {
    "id": "G02-BARRIER-ARM",
    "type": "barrier",
    "kind": "extrude",
    "estimated": true,
    "grade": "추정",
    "basePlane": "WAY",
    "fromM": 132.83,
    "toM": 132.93,
    "assumption": "차단기 막대: 경사로 폭을 가로막음",
    "source": "거리뷰 09, SKU 0:52"
   },
   "geometry": {
    "type": "Polygon",
    "coordinates": [
     [
      [
       201047.42,
       557346.87
      ],
      [
       201047.55,
       557346.8
      ],
      [
       201049.36,
       557350.48
      ],
      [
       201049.23,
       557350.55
      ],
      [
       201047.42,
       557346.87
      ]
     ]
    ]
   }
  }
 ]
}
